7164   	3.08
71640  	3.5
7165   	3.0
71668  	3.33
7167   	3.0
7169   	3.94
7171   	3.5
7173   	3.04
71732  	2.5
71745  	2.67
7175   	2.25
7176   	3.5
7177   	3.5
7178   	3.0
7179   	2.5
718    	4.12
7181   	3.5
71810  	0.5
71823  	3.5
71838  	3.06
7184   	4.5
71867  	3.0
71899  	4.2
719    	2.84
7190   	3.5
71902  	3.5
7191   	2.0
71910  	2.5
7192   	3.0
7193   	3.0
71970  	4.0
71999  	4.5
72     	3.21
720    	4.09
72011  	3.72
7202   	3.0
7205   	3.0
7206   	3.83
7208   	3.75
7209   	3.5
72104  	4.5
7211   	3.5
7212   	4.25
72129  	3.5
72142  	5.0
7215   	3.5
7216   	4.17
72165  	2.0
72167  	3.38
7217   	4.0
72171  	3.5
72178  	4.5
7218   	4.5
7219   	4.0
722    	4.0
7222   	3.25
72224  	2.25
72226  	4.08
7223   	2.5
7225   	3.67
7228   	2.5
72294  	3.0
72308  	4.25
72330  	3.5
7234   	4.25
7235   	3.42
72356  	4.38
7236   	4.0
72378  	2.62
7238   	4.0
72395  	3.5
724    	3.03
72405  	2.25
72407  	2.67
72424  	0.5
7243   	3.5
7245   	1.0
7247   	3.45
72479  	3.5
7248   	3.5
72489  	4.17
725    	2.5
7251   	4.0
7254   	3.63
7255   	2.81
72554  	4.5
7256   	4.0
7257   	2.0
7258   	2.75
7259   	2.12
72591  	3.5
726    	3.0
7260   	3.5
72601  	3.0
72603  	3.0
72605  	3.5
7261   	2.17
7262   	2.0
72624  	3.5
7263   	3.35
7264   	4.0
72641  	3.68
7265   	3.73
7266   	4.0
72692  	5.0
72694  	2.0
72696  	0.5
72701  	3.0
72714  	4.0
72720  	3.83
72731  	3.17
72733  	3.86
72737  	3.75
728    	3.5
7282   	1.0
7285   	3.61
72874  	1.0
72919  	3.0
7292   	2.5
72921  	3.5
7293   	3.55
7294   	3.25
7297   	3.67
72982  	4.0
7299   	3.67
72998  	3.6
73     	3.46
7301   	3.5
73015  	2.75
73017  	3.85
7302   	3.5
73023  	4.1
7303   	4.0
7304   	4.0
73042  	2.67
7305   	2.5
7306   	3.0
7307   	3.0
7308   	2.5
731    	3.33
7310   	3.33
73106  	2.17
7311   	3.67
7312   	0.5
7315   	2.0
7316   	2.38
73160  	2.5
7317   	3.13
7318   	2.62
7319   	2.08
7320   	3.4
7321   	2.75
73211  	3.75
7323   	3.8
7324   	3.32
7325   	3.29
7326   	3.5
73266  	3.0
73268  	3.42
7327   	3.75
7328   	3.5
73290  	3.5
733    	3.64
73319  	2.4
73321  	3.28
73323  	4.2
7333   	4.25
73344  	4.25
7335   	4.0
7336   	3.5
73386  	1.5
7340   	2.75
73431  	2.5
7344   	3.5
7345   	4.0
7346   	3.12
7347   	3.3
7348   	3.5
73488  	2.0
7349   	3.0
73499  	3.5
735    	3.93
73501  	3.5
73515  	3.5
7352   	4.0
7354   	3.33
73569  	3.75
7357   	3.5
736    	3.32
7360   	3.91
7361   	4.16
7362   	3.25
7364   	4.0
7366   	2.94
7367   	2.57
73676  	3.0
7368   	3.5
73681  	3.0
7369   	2.25
737    	2.65
7371   	4.03
7372   	3.0
7373   	3.38
73741  	3.0
7375   	3.07
7376   	3.0
7377   	3.5
7379   	3.5
7380   	3.36
73804  	4.0
73808  	3.0
7381   	3.14
7382   	4.25
73822  	5.0
73854  	3.83
73858  	1.5
7386   	3.75
7387   	3.98
73876  	4.0
73881  	4.75
7390   	1.5
73929  	2.83
7394   	2.5
7395   	2.75
7396   	4.0
74     	4.0
74075  	1.0
74089  	3.5
74095  	2.5
741    	4.15
7411   	1.5
7414   	2.5
74154  	2.5
7419   	3.79
742    	2.82
74226  	5.0
74228  	4.0
74275  	1.5
74282  	4.75
743    	2.52
74324  	4.38
74342  	4.5
74370  	4.0
7438   	3.87
7439   	3.5
7440   	3.25
7443   	3.5
7444   	3.19
7445   	3.63
74450  	2.67
74452  	2.25
74458  	4.02
7448   	2.75
7449   	2.5
745    	3.9
7450   	2.75
74508  	3.33
7451   	3.76
74510  	4.25
74530  	2.36
74532  	2.5
7454   	2.71
74545  	3.79
7455   	3.0
74553  	4.0
7457   	3.5
7458   	3.43
74580  	2.0
7459   	4.5
7460   	3.58
74624  	4.0
74647  	1.0
74668  	3.75
74677  	4.0
74683  	4.0
74685  	3.38
74688  	3.5
74696  	3.0
74698  	2.17
747    	3.33
74727  	4.75
74750  	3.67
74754  	3.67
7477   	2.5
74789  	2.88
7479   	4.0
74791  	3.75
74795  	3.5
748    	3.11
7481   	4.0
7482   	4.04
74851  	2.5
7486   	4.75
74868  	3.0
7487   	4.0
74916  	2.33
7492   	4.0
7493   	4.0
74946  	3.22
74948  	4.0
75     	2.2
750    	4.27
75341  	4.0
75389  	3.0
75395  	3.25
7541   	3.25
75416  	1.5
75446  	2.5
7560   	4.0
7561   	3.5
7562   	2.5
7564   	2.5
7566   	4.0
7569   	3.83
757    	4.0
7570   	3.31
7572   	4.5
7573   	3.12
7579   	3.67
75803  	1.5
75805  	2.75
7581   	3.25
75813  	3.17
75816  	2.0
7584   	4.0
7587   	4.0
759    	3.5
75947  	2.0
75985  	3.5
76     	3.4
760    	4.25
76030  	0.5
76054  	4.0
76060  	3.5
76077  	3.3
76091  	5.0
76093  	3.94
761    	2.79
7614   	4.5
76143  	4.5
7615   	4.5
7616   	2.5
76173  	3.75
76175  	2.31
7618   	3.5
7619   	3.67
762    	2.41
7620   	4.0
7624   	2.75
76251  	3.65
76293  	3.32
76301  	4.5
7636   	0.5
764    	3.5
7646   	3.0
7647   	3.75
7649   	2.8
765    	3.16
7650   	2.0
7657   	3.75
766    	3.5
7669   	3.56
76738  	3.5
76743  	3.5
76751  	3.0
76763  	3.5
7698   	3.7
77     	4.0
7700   	3.3
7701   	1.79
7702   	3.5
7704   	2.0
7705   	4.0
7706   	4.12
7707   	2.0
7708   	2.0
7713   	4.0
7714   	4.0
7716   	3.5
77177  	4.0
77191  	3.25
7720   	2.75
77201  	2.5
77206  	3.5
77233  	3.5
77266  	3.5
7727   	3.0
7728   	3.67
773    	3.5
7730   	3.0
77364  	3.0
77414  	3.5
7742   	0.5
77421  	2.5
77427  	0.5
7743   	3.5
7745   	4.0
77455  	4.04
7748   	3.88
7749   	4.0
775    	3.0
7753   	3.5
7756   	4.0
77561  	3.51
7757   	3.5
7762   	3.62
7766   	4.0
77667  	3.0
7767   	4.75
77688  	4.5
77709  	2.5
7772   	3.5
7773   	4.0
77795  	3.5
77798  	1.25
778    	4.04
77800  	4.0
7781   	1.5
7782   	3.0
77841  	2.0
77846  	5.0
7786   	3.5
77866  	3.17
77881  	3.5
7789   	4.0
77893  	4.0
779    	4.0
77931  	4.0
78     	3.33
780    	3.45
7802   	3.94
78034  	3.5
78039  	2.8
78041  	2.25
78088  	3.5
781    	3.5
7810   	3.33
78103  	2.5
78105  	2.88
7811   	4.0
78116  	3.5
7812   	3.67
78142  	4.5
7815   	5.0
78160  	3.5
78174  	1.0
782    	3.0
7820   	3.75
78209  	3.55
78218  	3.0
7822   	3.0
7826   	3.5
78264  	3.0
78266  	3.5
783    	3.33
7831   	3.5
78316  	2.83
7832   	3.5
7833   	3.5
7834   	2.83
78349  	3.8
7835   	3.5
7839   	3.5
784    	2.81
7840   	3.17
7841   	3.75
7842   	4.38
7843   	4.5
7844   	3.5
7845   	2.7
7846   	3.0
78467  	1.88
78469  	3.15
78499  	4.11
785    	3.37
78544  	3.0
78574  	3.44
786    	3.11
78620  	4.5
78626  	3.5
78637  	3.57
78703  	3.75
78746  	4.0
78772  	2.45
7879   	3.5
788    	2.73
7882   	3.0
7883   	2.0
78836  	5.0
7884   	3.25
7888   	4.25
7889   	3.75
78893  	1.92
7891   	3.0
7894   	3.5
7895   	3.5
78959  	3.0
7896   	3.5
7899   	4.5
79     	2.76
790    	2.0
7900   	3.0
79006  	4.5
79008  	4.0
79057  	3.3
79073  	4.0
79091  	3.68
791    	4.0
79132  	4.07
79134  	3.45
79139  	3.45
7916   	3.5
79185  	3.42
7920   	3.5
79224  	2.5
7924   	3.5
79242  	2.92
7925   	4.25
79251  	2.25
79259  	2.5
7926   	4.0
79274  	3.67
79293  	2.97
79299  	3.0
7930   	3.75
7932   	3.67
79333  	4.0
7934   	4.0
79357  	4.14
7936   	4.0
7937   	3.5
7938   	3.5
7939   	4.5
7940   	4.5
79428  	3.29
7943   	4.0
7944   	3.0
795    	3.5
79501  	4.0
7951   	2.0
79536  	3.0
79553  	3.0
79572  	2.5
79590  	2.5
79592  	3.26
79677  	3.5
79684  	4.0
79695  	3.06
79702  	3.7
7976   	4.5
7979   	3.5
79798  	3.5
798    	2.71
7980   	3.79
7981   	4.33
7982   	3.25
7983   	4.2
7984   	4.0
7986   	1.0
79868  	2.5
7987   	2.5
79879  	2.17
7988   	2.0
79895  	2.5
79897  	5.0
799    	3.46
7991   	3.67
7993   	2.5
79946  	3.5
8      	2.88
80     	4.0
800    	4.16
8008   	4.0
80083  	4.0
80094  	4.0
801    	3.14
8010   	4.0
8011   	4.0
8012   	3.67
80124  	5.0
80126  	2.62
80139  	4.17
8014   	4.25
8015   	3.5
8016   	4.0
80162  	2.5
80166  	2.67
8019   	4.0
802    	3.34
80219  	3.25
8024   	3.5
80241  	3.17
8025   	4.5
803    	4.0
8033   	3.67
8035   	2.0
80363  	3.14
804    	3.25
8042   	4.0
8043   	1.5
8044   	3.67
8045   	2.0
80454  	2.5
80463  	3.89
80478  	4.0
80489  	3.95
805    	3.66
3739   	3.5
374    	2.2
3740   	3.86
3741   	4.09
3742   	3.65
3743   	2.0
3744   	2.66
37444  	4.0
3745   	3.41
3746   	4.0
3747   	3.5
37475  	3.0
37477  	2.5
37495  	3.5
3751   	3.55
3752   	3.09
3753   	3.45
3754   	2.22
37545  	3.25
3755   	3.17
3756   	4.0
3758   	3.5
376    	3.25
3760   	3.5
3761   	4.0
3763   	3.22
3764   	2.3
3765   	3.0
3766   	2.08
3767   	1.67
3768   	1.25
3769   	3.33
377    	3.53
3770   	2.67
3771   	4.0
37720  	2.92
37727  	2.86
37729  	3.53
3773   	2.0
37731  	3.72
37733  	3.5
37736  	3.5
37739  	3.3
3774   	0.75
37741  	3.87
378    	2.79
3783   	3.95
37830  	3.55
3784   	2.59
37844  	2.0
3785   	2.92
37853  	2.5
37857  	3.61
3786   	2.62
3787   	4.0
3788   	3.67
3789   	3.5
379    	2.5
3790   	4.0
3791   	3.19
3792   	5.0
3793   	3.7
3794   	2.5
3795   	5.0
3797   	2.67
3798   	3.2
3799   	1.58
38     	2.12
380    	3.5
3801   	4.0
3802   	2.0
38038  	3.63
3806   	3.0
38061  	4.07
3807   	3.0
3808   	4.0
3809   	3.27
38095  	4.17
381    	3.82
3810   	3.0
3811   	3.93
3812   	3.46
3813   	4.17
3814   	4.22
38159  	4.5
3816   	4.0
38164  	4.0
3819   	4.0
38198  	4.0
382    	3.16
3821   	2.28
3822   	4.12
3823   	4.0
3824   	2.41
3825   	2.74
3826   	2.29
3827   	2.89
38294  	2.5
383    	3.1
3830   	1.5
38304  	4.62
3831   	3.91
3832   	4.0
3833   	1.5
3834   	3.0
3835   	2.17
3836   	4.13
3837   	2.5
3838   	2.0
38388  	4.25
3839   	1.67
384    	3.25
3840   	2.4
3841   	2.83
3843   	2.38
3844   	3.33
3845   	4.0
3846   	3.62
3847   	2.0
3849   	4.0
385    	4.0
3851   	5.0
3852   	3.38
3855   	4.75
3857   	4.0
3858   	3.5
38583  	2.5
3859   	3.75
386    	3.0
3861   	2.68
3862   	3.75
3863   	3.04
3864   	2.1
3865   	3.25
3868   	3.4
3869   	3.42
387    	2.38
3870   	3.0
3871   	3.9
3872   	3.5
3873   	3.14
3877   	2.22
3879   	2.0
38798  	3.12
388    	3.0
3882   	2.69
3884   	1.5
3888   	4.0
38886  	3.44
3889   	2.25
389    	4.5
3893   	3.34
3894   	4.0
3895   	1.5
3896   	3.12
3897   	3.87
3898   	2.5
3899   	1.0
38992  	3.5
39     	3.29
390    	3.7
3900   	4.0
3901   	3.25
3906   	2.5
3908   	1.5
3909   	2.0
391    	4.5
3910   	3.98
3911   	3.69
3912   	2.5
3914   	4.0
3915   	3.67
3916   	3.74
3917   	3.37
3918   	3.28
39183  	3.56
3919   	2.5
3920   	4.0
3922   	1.0
39231  	3.5
39234  	3.5
3925   	3.92
3926   	3.0
3927   	2.67
3928   	3.75
3929   	2.5
39292  	3.77
393    	2.5
3930   	2.12
39307  	2.5
3932   	3.5
3933   	0.5
3937   	2.62
3938   	2.75
39381  	3.56
3939   	5.0
3940   	5.0
39400  	2.1
3941   	5.0
39414  	3.0
3942   	5.0
39427  	3.0
3943   	2.94
39435  	2.9
39444  	3.39
39446  	2.81
39449  	2.6
3945   	3.0
3946   	2.5
3947   	3.33
3948   	3.42
3949   	3.92
3950   	3.56
3951   	5.0
39516  	4.5
3952   	3.07
3953   	2.12
3955   	1.58
3957   	2.67
3958   	2.0
3959   	3.62
3962   	1.5
3963   	3.75
3964   	3.0
3965   	3.5
3966   	3.5
3967   	3.85
3968   	3.07
3969   	3.44
3971   	2.75
39715  	2.14
3972   	4.12
3973   	1.12
3974   	3.0
3977   	2.72
3978   	3.07
3979   	2.5
3980   	3.39
39801  	2.75
3981   	2.35
3983   	4.17
3984   	3.5
3985   	3.25
3986   	2.8
39869  	4.12
3987   	2.42
3988   	3.05
3989   	4.0
3990   	2.25
3991   	2.78
3992   	3.7
3993   	3.0
3994   	3.48
3996   	3.84
3997   	1.83
3998   	3.04
3999   	2.61
4      	2.36
40     	4.25
4000   	3.0
4002   	3.85
4003   	3.33
4005   	3.29
4006   	3.36
4007   	3.75
4008   	3.54
4009   	3.0
4010   	2.94
4011   	4.16
4012   	2.5
4014   	3.52
40148  	3.36
4015   	2.73
4016   	3.72
4017   	3.54
4018   	3.14
4019   	3.71
4020   	2.92
4021   	4.3
4022   	3.7
4023   	3.13
4024   	2.17
4025   	3.05
4027   	3.81
40278  	3.68
4029   	3.88
4030   	1.8
4031   	2.5
4032   	4.0
4033   	3.92
40339  	2.29
4034   	3.9
4035   	2.83
4036   	3.14
4037   	3.81
4039   	3.12
4040   	2.35
4041   	3.64
40412  	4.75
40414  	3.7
4042   	3.38
4043   	3.33
4046   	4.0
4047   	3.67
40478  	2.5
40491  	5.0
405    	2.42
4051   	0.5
4052   	3.56
4053   	2.5
4054   	2.84
4055   	4.0
4056   	3.29
40578  	3.0
40581  	2.92
40583  	3.53
40597  	2.0
406    	3.0
4061   	4.0
40614  	3.25
40617  	3.0
4062   	3.38
40629  	3.56
4063   	2.5
4064   	3.5
4065   	2.5
4066   	2.88
4067   	3.38
4068   	2.71
4069   	2.91
40697  	2.25
407    	3.44
40723  	3.25
40732  	3.55
4074   	3.0
4077   	4.5
4078   	4.0
4079   	4.25
408    	3.0
4080   	3.25
4081   	1.83
40815  	3.82
40819  	3.76
4082   	3.5
40826  	3.15
4083   	4.0
4084   	2.87
4085   	3.4
40851  	3.38
4086   	3.5
40870  	3.5
4089   	2.0
409    	2.0
4090   	3.56
4091   	3.25
4092   	2.25
4093   	1.5
40946  	2.0
40955  	3.88
40959  	3.67
40962  	3.33
40966  	3.5
41     	3.7
410    	3.1
41014  	4.0
4102   	3.5
4103   	3.95
4104   	1.4
4105   	3.82
4109   	2.57
4110   	3.0
4111   	3.0
4113   	3.0
4115   	2.0
4116   	5.0
4117   	4.33
412    	3.5
4121   	3.12
4123   	2.0
4124   	1.25
4125   	0.75
4126   	3.5
4127   	1.67
4128   	3.71
41285  	3.44
4129   	1.0
413    	2.79
4130   	1.83
4131   	1.83
4132   	2.62
4133   	2.56
4135   	5.0
4138   	1.0
4139   	3.0
414    	2.33
4141   	2.5
4142   	4.25
8950   	3.99
8951   	3.0
8952   	3.5
8954   	4.0
8955   	3.0
8957   	3.18
8958   	3.68
89580  	4.0
89582  	4.5
89586  	3.5
8959   	2.5
896    	2.5
8961   	3.84
8964   	3.0
8965   	3.14
8966   	3.12
8967   	1.75
89678  	4.0
8968   	3.58
8969   	3.02
897    	3.75
8970   	3.61
8972   	3.26
8973   	3.75
8974   	3.0
89745  	3.87
89753  	3.81
89759  	4.33
89761  	3.0
8977   	2.2
89774  	3.73
8978   	2.5
8979   	4.0
898    	4.31
89804  	3.22
8981   	3.72
8982   	3.0
8983   	3.52
89837  	4.5
8984   	3.29
89840  	2.83
8985   	2.86
89862  	3.5
89864  	3.63
8987   	3.0
8989   	3.5
89898  	3.5
899    	4.07
89904  	4.05
89939  	3.75
89945  	3.0
8998   	4.0
9      	3.12
900    	3.71
9004   	2.0
9005   	2.0
90057  	3.75
9008   	2.5
901    	3.0
9010   	4.1
9018   	4.33
902    	3.85
90243  	3.5
90245  	4.0
90249  	3.0
903    	4.03
90343  	2.75
90345  	3.5
90353  	4.0
90357  	3.5
90374  	3.75
90376  	3.5
90384  	2.0
904    	4.26
90403  	3.17
90405  	3.39
90428  	3.0
90430  	4.0
90439  	3.79
90469  	3.5
90471  	3.0
905    	4.32
90522  	3.0
90524  	3.5
90528  	3.5
90531  	3.75
90576  	4.5
906    	4.14
90600  	3.6
90603  	3.67
90630  	3.5
90647  	3.56
907    	3.5
90717  	3.5
90719  	2.5
90738  	1.5
90746  	3.5
90769  	4.0
908    	4.18
90809  	3.0
90863  	4.0
90866  	3.75
90888  	2.67
90890  	2.3
909    	3.96
90943  	5.0
90945  	3.0
910    	4.01
91077  	4.0
91079  	2.5
91094  	2.6
911    	3.81
91104  	2.21
91126  	3.0
91128  	3.58
912    	4.24
91233  	4.0
91261  	3.5
91266  	2.5
91273  	1.5
913    	4.17
91323  	2.9
91325  	2.75
91337  	4.0
91353  	3.75
91355  	5.0
91386  	5.0
914    	4.04
91414  	0.5
91470  	3.0
91483  	1.5
91485  	3.5
91488  	3.75
915    	3.77
91500  	3.44
91529  	3.99
91535  	3.14
91542  	3.76
91571  	2.5
916    	4.06
91622  	2.25
91628  	2.0
91630  	3.66
91653  	3.3
91658  	3.49
91660  	2.5
91666  	4.0
91671  	1.0
91688  	1.5
91690  	3.67
917    	3.5
91784  	4.5
918    	4.1
91842  	3.0
91860  	4.0
91869  	3.5
91873  	1.5
91890  	3.0
919    	3.88
91935  	2.5
91947  	4.5
91974  	3.8
91976  	2.92
91978  	3.17
91981  	2.5
92     	2.62
920    	3.64
92008  	2.83
92046  	3.0
92048  	3.25
92094  	3.5
921    	3.39
92192  	2.0
92198  	2.0
922    	4.33
92234  	1.5
92243  	4.5
92259  	4.11
92264  	2.0
923    	4.04
92309  	2.75
92348  	4.0
92391  	3.17
924    	3.89
92420  	3.38
92422  	3.75
92427  	1.0
92439  	3.0
92475  	4.25
92494  	5.0
92507  	3.38
92509  	2.67
92535  	4.3
926    	4.23
92637  	3.5
92643  	4.5
92665  	2.5
92674  	2.5
92681  	0.5
92694  	4.25
927    	4.0
92730  	2.0
92760  	3.5
928    	4.17
929    	3.5
92938  	1.6
92954  	3.5
93     	2.83
930    	4.25
93006  	4.25
93008  	5.0
93022  	5.0
93040  	4.0
931    	3.83
93114  	3.0
93134  	3.5
93139  	1.5
93193  	3.0
932    	3.94
93208  	2.0
93242  	1.5
93270  	2.06
93272  	3.1
93287  	3.75
93297  	3.75
933    	4.22
93320  	5.0
93326  	2.64
93363  	3.09
934    	3.25
93443  	3.25
935    	3.83
93502  	2.5
93510  	3.87
93512  	4.0
93563  	3.17
93598  	2.5
936    	4.0
93610  	3.0
937    	3.5
93721  	4.1
93723  	2.25
93740  	1.5
93766  	2.62
93790  	4.0
938    	3.25
93805  	3.75
93819  	3.5
93831  	2.62
93838  	4.33
93840  	4.02
93855  	4.5
93980  	1.25
93982  	2.0
93988  	4.5
94     	3.95
940    	4.0
94011  	1.5
94015  	3.0
94018  	2.33
94070  	3.88
941    	3.75
94122  	2.0
94130  	3.5
94150  	4.0
94160  	3.0
942    	4.33
94262  	3.0
94266  	2.5
943    	3.93
94323  	2.5
94325  	4.0
944    	4.0
94405  	3.5
94478  	2.5
94494  	2.5
945    	4.07
94503  	3.67
946    	2.5
94661  	4.0
94677  	3.56
947    	3.75
94735  	4.0
94777  	3.28
94780  	2.83
94799  	3.5
948    	3.92
94810  	5.0
94833  	3.33
94864  	3.3
94867  	3.5
94896  	3.5
949    	3.92
94919  	2.5
94931  	3.5
94953  	3.0
94959  	3.78
94985  	3.83
95     	3.02
950    	3.86
95004  	4.0
95067  	2.83
95088  	3.75
951    	4.39
95105  	3.39
95135  	4.0
95145  	3.5
95147  	3.25
95149  	5.0
95163  	3.5
95165  	4.0
95167  	3.47
95170  	4.0
95175  	5.0
95182  	3.0
95193  	2.0
95199  	3.0
952    	3.62
95201  	3.0
95207  	2.75
95218  	3.5
953    	4.03
95307  	2.75
95309  	4.17
95311  	5.0
95313  	4.5
95377  	3.83
954    	4.08
95441  	3.29
95449  	2.7
95473  	4.0
95475  	4.0
95497  	3.75
95499  	4.0
955    	3.86
95508  	3.5
95510  	3.25
95519  	4.0
95543  	2.92
95558  	3.36
95583  	2.75
956    	4.0
95624  	3.0
95633  	4.5
95654  	4.17
95690  	4.5
95717  	2.0
95720  	3.0
95738  	3.0
95744  	2.5
95761  	4.5
95771  	4.0
95780  	4.0
95796  	0.5
95839  	3.0
95843  	5.0
95858  	3.9
95873  	3.5
95875  	3.19
959    	3.5
95939  	4.0
95949  	3.5
95965  	4.0
96     	3.5
96004  	3.25
96007  	2.0
96020  	3.67
96079  	3.81
96084  	4.5
961    	4.0
96110  	3.44
96114  	2.0
96121  	1.0
96150  	2.0
96281  	3.5
96283  	3.0
963    	3.0
96373  	4.5
96411  	4.0
96417  	3.2
96430  	5.0
96432  	3.62
96448  	2.17
96471  	3.0
96488  	4.25
965    	4.05
96518  	3.0
96520  	2.0
96530  	2.5
96563  	4.0
96567  	4.0
96588  	3.62
96606  	3.83
96608  	5.0
96610  	3.64
96616  	2.5
96655  	3.0
96691  	3.75
96726  	1.5
96728  	3.92
96737  	3.71
968    	3.75
96811  	3.92
96815  	2.75
96821  	3.83
96829  	4.3
96832  	5.0
96861  	3.29
969    	3.97
96917  	4.0
96935  	5.0
96945  	3.5
96964  	1.5
96975  	3.5
97     	3.9
970    	3.5
97024  	0.5
971    	4.1
97168  	3.5
97172  	2.5
97188  	4.0
97194  	1.0
97225  	3.41
97230  	3.0
97285  	3.5
973    	3.9
97304  	3.98
97306  	3.47
97328  	3.0
97470  	1.25
976    	3.0
97643  	3.0
97665  	2.5
97701  	3.0
97742  	1.5
97752  	3.74
97757  	4.0
97785  	3.0
97836  	2.57
97858  	2.0
97860  	3.12
97866  	4.75
97870  	4.0
979    	3.0
97904  	4.0
97913  	3.75
97921  	3.72
97923  	3.5
97936  	3.0
97938  	3.63
97950  	2.5
97988  	2.5
98061  	3.5
98083  	4.0
981    	3.0
98122  	3.0
98124  	3.93
98154  	4.5
98160  	1.5
98175  	1.5
982    	3.0
98203  	1.88
98230  	3.5
98239  	2.25
98243  	3.79
98279  	4.0
98296  	1.5
98361  	4.0
984    	3.5
98491  	4.38
98499  	3.0
98503  	3.0
98585  	3.5
986    	3.54
98604  	4.5
98607  	4.5
98623  	3.0
98633  	3.5
98697  	2.5
987    	3.0
98799  	2.5
988    	3.0
98809  	3.81
98836  	2.0
98908  	1.5
98961  	4.11
99     	5.0
990    	2.9
99005  	1.5
99007  	3.5
99030  	4.0
99087  	3.0
991    	3.32
99106  	2.5
99112  	3.42
99114  	3.94
99117  	3.12
99122  	3.5
99130  	3.5
99145  	3.67
99149  	3.5
99191  	4.0
993    	3.0
994    	4.18
99415  	2.0
99437  	4.0
99532  	2.25
99574  	3.0
996    	2.5
99636  	5.0
99638  	3.0
99721  	1.5
99728  	3.33
99750  	3.5
99764  	4.25
998    	3.0
99813  	3.88
99846  	3.0
99853  	4.0
999    	3.04
99910  	3.25
99917  	3.17
99992  	3.0
80549  	3.8
80551  	3.5
80553  	3.5
8057   	3.0
80572  	4.0
80584  	4.0
80586  	3.83
80590  	3.17
806    	1.5
80615  	4.0
80693  	3.19
80727  	3.25
80748  	4.0
808    	3.5
80831  	3.86
80834  	3.5
80839  	2.5
80846  	3.25
80858  	3.5
80860  	3.0
80862  	3.67
80864  	3.5
80880  	3.25
809    	2.33
80906  	4.29
80917  	3.5
8092   	3.0
8093   	3.5
8094   	3.5
80969  	4.0
81     	3.11
810    	2.25
81018  	3.0
81087  	4.5
81132  	3.75
81156  	3.92
81158  	3.17
8117   	4.0
8118   	4.0
8119   	3.0
81191  	4.0
8121   	2.0
81229  	3.5
8125   	4.0
81257  	3.5
8126   	3.5
8128   	4.1
813    	2.8
8131   	3.5
8132   	4.33
8136   	0.5
8137   	0.5
8138   	2.25
81383  	2.5
81417  	3.7
8142   	4.25
8143   	3.5
81456  	3.0
8147   	4.0
81512  	4.0
81520  	4.0
8153   	2.5
81535  	4.5
81537  	3.1
8154   	3.75
81562  	3.83
81564  	3.6
8157   	3.5
8158   	4.0
81591  	3.63
8167   	4.0
81681  	2.0
8169   	3.29
81782  	3.36
81784  	2.67
81786  	4.0
81788  	3.86
81791  	3.0
818    	3.25
81819  	4.25
8183   	3.17
81831  	4.0
81834  	3.99
81845  	4.04
81847  	3.92
8188   	3.5
8189   	3.0
8190   	4.0
8191   	4.0
81910  	4.0
81932  	3.76
81949  	3.0
8195   	4.0
8196   	3.5
8197   	4.0
8199   	2.5
82     	3.88
82041  	4.25
82053  	4.0
8207   	4.08
82088  	3.0
82093  	1.5
82095  	0.5
82152  	3.5
82167  	2.79
82169  	3.86
82202  	2.71
82242  	4.25
8225   	4.0
8228   	3.62
823    	3.5
8232   	3.5
8235   	4.0
8236   	0.5
82366  	4.5
82378  	3.75
8238   	5.0
8239   	4.0
824    	4.0
8241   	4.0
82459  	3.75
82461  	3.24
82499  	2.67
82527  	4.0
8253   	3.4
82534  	2.5
8254   	4.25
8261   	4.17
8264   	3.5
82641  	3.0
8266   	2.7
82667  	3.88
8268   	4.25
82684  	0.5
8270   	3.75
82744  	5.0
8275   	3.5
82765  	3.5
82767  	3.5
828    	3.33
82848  	3.5
82852  	1.83
82854  	1.83
82857  	4.5
829    	2.67
8290   	0.75
8293   	3.5
83     	3.0
830    	3.07
8302   	3.5
83086  	2.5
83132  	3.5
83134  	3.92
83177  	1.17
832    	3.34
8327   	4.25
83270  	2.0
833    	2.0
8331   	4.0
83349  	3.0
8335   	3.5
8336   	3.5
83369  	4.0
8337   	4.0
83374  	3.5
8338   	4.0
8340   	3.79
8341   	3.83
83480  	3.5
835    	3.67
836    	2.88
8360   	3.58
83601  	0.5
8361   	3.05
83613  	3.0
8362   	2.75
8363   	3.75
8364   	3.38
8366   	3.89
8368   	3.91
8369   	2.67
837    	3.27
8370   	3.96
8371   	3.3
8372   	2.3
8373   	2.25
8375   	2.5
8376   	3.32
8378   	4.0
8379   	3.0
83796  	2.5
838    	3.92
8380   	2.5
83803  	4.1
8382   	2.5
83827  	4.25
8383   	1.0
8385   	3.0
8387   	0.8
839    	2.83
8391   	3.0
83910  	2.5
83969  	5.0
83976  	4.0
840    	3.38
8402   	2.0
8405   	4.5
841    	3.0
8410   	3.5
84152  	3.95
84156  	4.5
84187  	3.5
84189  	3.75
842    	2.54
8424   	4.0
84240  	4.0
84246  	4.5
8425   	2.0
8426   	4.0
8427   	1.5
84273  	5.0
84374  	2.93
84392  	3.6
84414  	4.25
8446   	2.5
8447   	1.0
8450   	3.0
8451   	3.25
84512  	5.0
84523  	3.0
8454   	3.5
84553  	4.0
8456   	4.0
8458   	3.5
8459   	3.5
84601  	3.33
8461   	3.5
84615  	2.25
8462   	3.0
8463   	4.0
84637  	3.0
8464   	3.51
8465   	3.5
84696  	4.0
84716  	4.0
8477   	4.5
84772  	3.2
84799  	4.5
848    	3.29
8481   	3.0
8482   	2.0
8484   	4.5
84844  	4.5
84847  	2.5
8487   	3.5
849    	2.92
8491   	3.67
8492   	3.25
8493   	3.08
8494   	0.5
84942  	3.75
84944  	3.62
8495   	2.5
84950  	2.5
84952  	4.0
84954  	3.17
85     	3.86
8500   	2.5
8501   	3.62
8502   	3.0
85020  	3.38
85022  	3.12
85025  	2.0
85056  	3.1
8506   	2.25
8507   	3.17
851    	2.83
8511   	4.5
8512   	3.5
85131  	2.38
85179  	3.83
8518   	3.5
852    	3.17
8521   	2.0
85213  	4.0
85259  	4.0
8526   	2.5
85261  	3.5
8528   	3.55
8529   	3.32
85295  	5.0
8530   	3.75
8531   	2.83
85316  	3.5
8532   	2.5
8533   	3.57
85334  	0.5
8534   	3.5
85342  	4.36
8535   	4.0
85354  	3.5
85367  	3.21
85394  	3.0
85397  	3.5
85399  	1.0
85401  	2.9
85412  	3.75
85414  	3.6
8542   	4.0
85438  	3.0
85510  	3.12
8571   	3.5
85736  	4.5
8574   	1.5
8575   	3.0
8577   	4.0
85774  	3.75
8578   	3.25
85780  	3.58
85788  	2.67
85796  	2.38
858    	4.29
8580   	5.0
8581   	4.0
8582   	4.25
8587   	3.5
8588   	4.0
85881  	3.75
85885  	2.75
8591   	3.5
8593   	4.0
8596   	3.25
86     	3.97
8600   	3.75
86000  	4.0
8601   	4.0
86014  	3.5
86028  	2.0
8604   	3.2
8605   	3.25
86059  	2.75
86066  	4.0
86068  	0.5
8607   	3.9
8609   	3.25
861    	3.83
8610   	2.5
8611   	3.5
8614   	3.0
86142  	4.0
8617   	3.0
86190  	3.32
8620   	1.5
8622   	3.49
8623   	3.27
86237  	5.0
8626   	1.5
86279  	3.5
86286  	2.0
86290  	4.0
86293  	3.0
86295  	2.67
86298  	3.12
8632   	0.5
86320  	3.07
8633   	3.57
86332  	3.51
86345  	4.06
86347  	3.29
86355  	2.0
8636   	3.8
86377  	4.0
8638   	3.7
8640   	2.96
8641   	3.77
8643   	3.28
8644   	3.49
8645   	3.94
86487  	4.5
8650   	3.5
86504  	4.3
86548  	3.38
8656   	3.75
86593  	2.5
866    	4.0
86628  	4.0
86644  	3.05
8665   	3.79
8666   	1.33
86668  	5.0
8667   	3.5
867    	1.75
8670   	4.0
86721  	5.0
8677   	1.25
86781  	4.4
86815  	3.5
86817  	3.25
86833  	3.76
86835  	3.0
8684   	3.5
8685   	3.5
86864  	3.0
86880  	3.23
86882  	3.56
86892  	4.5
86898  	4.0
869    	3.67
8690   	4.0
86911  	3.27
86922  	4.0
8695   	3.0
86960  	2.0
87     	2.5
870    	1.0
87028  	2.0
8711   	3.0
8712   	3.0
8713   	3.0
8714   	2.5
8718   	3.5
87192  	3.5
87194  	3.5
87197  	3.0
8720   	2.0
87222  	3.32
87232  	3.79
87234  	4.17
8724   	4.25
8727   	2.0
87287  	4.0
87298  	2.67
8730   	4.0
87304  	3.62
87306  	3.6
8738   	5.0
87413  	1.75
8743   	3.0
87430  	2.35
87444  	2.5
8748   	4.0
87483  	2.7
87485  	2.89
875    	3.5
87520  	2.36
87522  	2.75
87529  	3.11
8753   	3.5
8754   	4.0
8755   	3.0
876    	5.0
87660  	4.5
8771   	3.0
8772   	0.5
8773   	3.0
8774   	3.5
8778   	3.75
87785  	2.75
8781   	3.04
8782   	2.75
8783   	3.19
87834  	5.0
8784   	3.71
87867  	2.75
87869  	3.44
87876  	3.17
879    	3.0
8795   	4.5
8796   	3.1
87960  	3.0
8798   	3.76
8799   	2.17
88     	3.16
880    	2.74
8800   	4.5
8804   	5.0
88069  	4.0
8807   	3.46
8808   	2.5
8809   	3.25
88094  	3.0
881    	2.1
8810   	2.82
88108  	3.0
88125  	3.91
88129  	3.77
8813   	4.0
8814   	2.0
88140  	3.55
8815   	2.5
88163  	3.98
88179  	3.5
882    	2.0
88235  	3.62
88267  	3.0
8827   	4.0
88272  	3.5
8830   	1.75
8831   	3.5
8832   	3.25
88327  	3.0
8833   	3.5
88345  	4.0
8835   	2.33
88356  	1.88
8836   	3.33
8838   	4.17
8840   	1.0
88405  	3.05
8844   	3.0
88448  	5.0
8848   	3.5
885    	2.5
88515  	3.0
88593  	2.5
886    	2.67
8860   	2.86
8861   	2.93
8864   	2.67
8865   	2.64
8866   	3.11
88672  	3.25
8869   	3.33
88697  	2.5
88699  	3.5
8870   	2.5
8873   	3.8
8874   	4.01
88744  	3.46
88746  	3.5
8875   	4.0
88785  	2.85
8879   	3.25
888    	2.17
8880   	3.43
88810  	3.83
88812  	2.67
889    	4.0
88911  	3.0
88932  	4.5
8894   	1.5
88954  	3.25
89     	3.25
89028  	3.0
89030  	3.25
89039  	4.5
89047  	4.0
8905   	2.5
8906   	2.67
8907   	2.35
89072  	4.0
8908   	3.67
89085  	2.5
89087  	2.5
89090  	4.5
891    	3.8
8910   	3.45
8911   	5.0
89118  	3.0
8912   	1.75
8914   	3.79
8915   	3.5
8916   	3.0
8917   	3.47
8918   	3.0
8919   	4.25
89190  	1.75
892    	3.54
8920   	3.5
89208  	3.5
8921   	3.5
8928   	3.67
89281  	3.5
893    	3.67
89305  	3.67
8933   	4.0
8934   	1.0
89343  	3.0
8937   	3.56
8938   	4.0
89386  	0.5
89388  	1.5
8939   	3.67
89427  	1.5
8943   	1.75
8946   	2.75
8947   	2.3
89470  	3.71
8948   	2.33
8949   	3.74
89492  	3.88
4143   	3.5
4144   	4.21
4146   	3.0
4147   	4.0
4148   	2.94
4149   	2.77
415    	2.53
4152   	4.25
41527  	4.0
4153   	2.42
4154   	4.0
4155   	3.31
4156   	2.0
41566  	3.44
41569  	3.4
4157   	4.5
41571  	3.58
41573  	2.88
4158   	2.08
4159   	2.71
416    	2.5
4160   	4.12
4161   	3.35
41617  	2.75
41627  	3.5
4164   	3.5
4166   	2.5
4167   	3.0
4168   	2.75
417    	3.69
4171   	4.0
41712  	4.0
41716  	3.21
41724  	4.5
4174   	3.0
4175   	3.62
41769  	2.5
4178   	3.5
418    	3.0
4180   	5.0
4181   	2.0
41828  	4.5
4184   	4.0
41863  	4.0
4187   	3.83
4189   	2.5
419    	2.67
4190   	4.0
4191   	3.25
4193   	4.0
4195   	3.83
4197   	3.0
4198   	3.0
41997  	3.81
42     	3.0
420    	2.72
4200   	3.25
42002  	3.39
42004  	3.5
42007  	2.83
42009  	1.88
42011  	2.18
42013  	2.75
42015  	3.0
42018  	2.0
4202   	3.0
4203   	3.17
4204   	1.0
4205   	3.17
4207   	2.0
421    	3.21
4210   	3.92
4211   	3.75
4212   	3.0
4214   	2.88
4215   	2.08
4217   	4.25
42176  	4.0
4218   	3.5
4219   	3.33
42191  	3.75
422    	3.2
4220   	3.4
4221   	2.62
4223   	3.51
4224   	2.75
4225   	4.0
4226   	4.12
4228   	2.15
42285  	3.0
4229   	2.12
423    	2.85
4231   	3.5
4232   	2.95
4233   	2.0
4234   	3.2
4235   	3.93
4236   	3.5
4237   	4.0
4238   	3.15
4239   	3.81
424    	1.83
4240   	2.0
4241   	2.1
42418  	3.2
4242   	2.0
42422  	4.5
4243   	4.0
4246   	3.62
4247   	2.38
4248   	1.75
425    	3.75
4251   	2.0
4252   	3.25
4254   	2.19
4255   	2.2
42556  	5.0
42559  	3.0
4256   	3.67
4259   	3.5
426    	3.14
4260   	2.0
42602  	3.5
4262   	3.93
4263   	4.0
42632  	4.0
42638  	2.5
4265   	3.0
4267   	3.4
4268   	2.5
427    	2.54
4270   	3.09
42718  	3.8
42723  	2.86
42725  	2.57
42728  	3.6
4273   	4.5
42730  	3.75
42732  	3.5
42734  	3.25
42738  	3.09
42740  	3.5
4275   	2.9
4276   	2.5
42761  	4.5
4278   	4.17
428    	3.72
4280   	3.56
4282   	3.5
4284   	3.0
4285   	2.83
4289   	2.83
429    	2.0
4290   	2.0
4291   	2.73
4292   	3.5
4293   	2.5
4294   	4.0
42943  	2.5
42946  	4.0
4296   	3.0
4297   	3.75
4298   	4.75
4299   	3.34
43     	3.19
430    	3.75
4300   	4.0
4304   	3.6
4305   	1.62
4306   	3.87
4307   	4.5
4308   	3.59
431    	3.74
4310   	2.97
4312   	3.5
4313   	3.5
4316   	2.0
4317   	2.5
432    	2.65
4321   	3.37
4322   	3.75
4323   	4.0
4325   	4.0
4326   	3.59
4327   	3.59
43289  	4.0
4329   	3.67
433    	2.75
4333   	3.2
43333  	3.5
4334   	4.6
4337   	3.5
43376  	4.62
4338   	4.5
4339   	3.75
43396  	3.79
434    	3.03
4340   	2.14
43419  	1.0
4342   	4.5
4343   	3.04
4344   	3.1
4345   	4.0
43460  	3.33
4347   	3.83
4349   	3.75
435    	2.42
4350   	4.25
4351   	3.25
4353   	3.0
4354   	2.5
43549  	3.5
4355   	2.0
43556  	2.75
43558  	2.0
4356   	3.8
43560  	3.17
4357   	4.5
4359   	3.38
436    	2.57
4361   	3.42
4366   	3.34
4367   	2.9
43677  	2.0
43679  	2.83
4368   	2.36
43684  	4.5
4369   	3.07
437    	2.17
4370   	3.34
43708  	3.17
4371   	0.5
4372   	3.4
4373   	3.17
4374   	4.5
43744  	3.5
4378   	3.71
438    	2.71
4380   	3.86
4381   	3.38
4383   	3.5
43836  	2.86
4384   	3.0
4386   	2.82
43869  	3.5
4387   	3.78
43871  	2.75
4388   	2.65
4389   	3.62
4390   	3.5
43904  	1.3
43908  	3.0
43912  	2.0
43914  	4.0
43917  	3.0
43919  	0.83
4392   	3.0
43921  	3.3
43928  	1.92
4393   	4.5
43930  	3.0
43932  	1.75
43936  	3.0
4394   	1.5
4395   	4.0
4396   	2.75
4397   	2.5
4399   	3.75
44     	2.54
440    	3.55
44004  	3.25
4402   	5.0
44020  	2.75
44022  	3.22
4403   	3.0
4404   	4.0
4406   	4.4
4407   	4.5
4408   	3.5
4409   	3.33
441    	3.93
4410   	4.0
4412   	0.75
44189  	4.0
4419   	4.25
44191  	3.88
44193  	3.75
44195  	4.03
44197  	3.0
44199  	3.8
442    	3.09
4420   	3.0
44204  	3.25
4422   	4.0
44225  	2.0
44238  	2.5
4424   	3.67
44241  	2.0
44243  	0.5
4426   	4.0
4427   	3.67
4428   	3.25
4429   	4.5
44301  	3.5
4432   	4.12
4433   	4.25
4434   	4.0
4436   	3.0
4437   	3.94
4438   	3.83
4439   	3.62
44397  	3.08
44399  	1.25
444    	2.33
4440   	3.75
4441   	4.17
4442   	2.67
4443   	2.75
4444   	4.17
4445   	4.0
4446   	3.35
4447   	3.16
4448   	3.55
4449   	2.0
445    	3.0
4450   	3.64
4451   	3.5
44511  	3.5
4452   	2.67
4453   	3.5
4454   	5.0
44555  	4.12
4458   	4.0
4459   	4.0
44597  	4.0
446    	3.83
44613  	3.75
4462   	1.5
4463   	2.0
44633  	4.5
4464   	3.6
4465   	3.7
44657  	3.0
4466   	2.5
44665  	3.86
4467   	3.77
44694  	3.81
4470   	3.0
44709  	3.8
4471   	1.5
44719  	2.5
4473   	3.0
44731  	1.33
4474   	2.9
4475   	4.0
44759  	2.17
4476   	2.33
44761  	3.88
4477   	1.94
44773  	3.0
44777  	4.5
4478   	3.5
44788  	3.5
448    	3.62
4480   	2.83
4482   	3.17
44828  	3.0
4483   	1.5
4484   	3.75
44840  	2.77
44849  	2.5
44851  	5.0
44864  	3.25
4487   	2.95
4488   	3.33
44889  	4.75
4489   	3.46
449    	1.0
4490   	2.0
4492   	3.0
44929  	4.25
44931  	4.5
44937  	4.0
44943  	5.0
4495   	5.0
4496   	3.5
4497   	3.0
44972  	2.25
44974  	3.5
4498   	3.0
4499   	4.12
45     	3.31
450    	3.0
4500   	4.0
4502   	1.62
45028  	3.67
4504   	1.5
4505   	3.0
4506   	3.17
45062  	2.75
45074  	2.5
4508   	3.5
45081  	2.96
4509   	2.9
451    	4.0
45106  	3.0
4511   	2.0
4516   	3.0
4517   	1.75
45175  	3.75
4518   	3.75
45183  	3.0
45186  	3.59
4519   	3.33
452    	3.0
4520   	2.33
45208  	2.0
4521   	3.0
45210  	4.14
4522   	1.0
45221  	2.58
4523   	3.5
4524   	3.0
4526   	3.1
4527   	2.5
4529   	3.88
453    	2.8
4531   	2.67
4533   	3.75
4534   	2.5
4535   	3.38
45361  	1.5
4537   	4.33
45382  	3.25
454    	3.53
4541   	3.5
45431  	3.43
4544   	2.9
45440  	3.33
45442  	2.88
45447  	3.12
4545   	3.27
4546   	3.92
45499  	3.36
455    	2.39
45501  	2.59
45503  	5.0
45517  	3.38
4552   	3.5
4553   	3.72
4557   	3.0
4558   	2.46
456    	3.75
4562   	4.0
4563   	1.83
45635  	3.0
4564   	2.83
45648  	2.5
4565   	2.5
45658  	2.0
45662  	2.3
45666  	2.46
45668  	3.1
45672  	2.98
4568   	2.5
457    	3.99
4571   	3.7
4572   	3.0
45720  	3.56
45722  	3.51
45726  	2.17
45728  	3.88
4573   	2.0
45730  	2.83
45732  	1.58
4574   	3.25
4577   	3.83
4578   	2.5
458    	2.8
4580   	0.5
4581   	4.0
4583   	4.0
4584   	2.0
4585   	3.38
4587   	2.25
661    	3.45
6611   	5.0
6612   	4.25
6614   	2.67
6615   	2.33
6616   	2.75
6617   	3.94
66171  	3.0
6618   	3.82
6619   	2.92
66198  	3.0
662    	3.29
6620   	3.83
66203  	2.82
6624   	1.9
66240  	3.5
6625   	2.5
6628   	2.0
6629   	3.5
66297  	3.5
663    	3.29
6631   	1.5
66310  	3.5
66320  	4.0
66335  	2.5
6636   	3.75
66371  	4.1
6638   	2.17
6639   	3.43
66427  	3.0
6643   	2.62
6644   	4.0
6645   	3.79
665    	4.33
6650   	3.33
66509  	3.5
66511  	4.25
6654   	3.5
66544  	4.0
6656   	4.0
6658   	3.38
6659   	3.44
6660   	3.5
6662   	3.45
6663   	3.4
6664   	3.5
6665   	4.5
6666   	4.3
66665  	3.5
6667   	3.5
6669   	3.42
667    	2.81
6670   	2.25
6671   	4.0
66744  	4.0
6678   	3.5
66783  	3.0
66785  	3.8
6679   	4.0
66798  	2.75
668    	4.25
6684   	4.0
6686   	2.7
6687   	2.0
6688   	3.5
6689   	4.0
6691   	2.5
66915  	2.0
6692   	2.0
66934  	3.92
66943  	4.25
6695   	1.88
6696   	2.5
6699   	3.0
670    	4.75
6702   	2.3
6705   	2.5
6706   	3.5
6707   	2.88
6708   	3.72
67087  	3.53
6709   	3.21
671    	3.49
6710   	3.62
6711   	4.03
6713   	3.8
6715   	3.5
67168  	3.5
6718   	2.5
67186  	2.5
67193  	2.5
67197  	2.83
6720   	2.5
6721   	3.36
6722   	2.5
6723   	3.0
6724   	3.6
67255  	3.94
67267  	3.38
67295  	2.88
673    	2.71
6731   	3.62
6732   	3.75
6734   	2.0
67361  	2.0
674    	3.17
67408  	3.25
6744   	2.25
6746   	2.0
6748   	3.0
6750   	2.83
67508  	4.0
6751   	2.5
6752   	3.5
6753   	3.5
67534  	2.75
6754   	3.5
6755   	3.32
6760   	3.0
67618  	5.0
6763   	2.43
6764   	3.15
6765   	3.28
67665  	3.75
6768   	4.0
6769   	3.0
67695  	2.62
6770   	3.5
6772   	3.0
6773   	3.7
67734  	3.33
6774   	3.69
6775   	4.0
6776   	4.17
6777   	3.6
67788  	3.5
67799  	0.5
678    	3.83
6780   	3.25
6782   	4.0
6783   	3.5
6785   	3.75
6786   	3.88
6787   	4.02
6788   	2.0
67888  	4.5
6789   	4.0
679    	4.0
6790   	3.5
6791   	4.4
67923  	3.25
6793   	1.77
6794   	1.5
6796   	3.72
6797   	3.0
6798   	2.75
67997  	4.3
68     	3.4
680    	4.12
6800   	2.33
6803   	3.5
6804   	2.0
6807   	3.95
68073  	3.4
6808   	4.0
6809   	3.0
6810   	2.5
6811   	2.5
6812   	2.25
68135  	3.55
6814   	3.0
68157  	4.14
68159  	4.0
6816   	4.0
6817   	3.0
6818   	5.0
68194  	4.25
6820   	4.0
68205  	2.94
6821   	3.0
68237  	3.97
68269  	4.25
6827   	0.83
68319  	2.87
6832   	3.6
68347  	4.0
6835   	5.0
68358  	3.86
6836   	3.5
6837   	3.0
68444  	3.5
68480  	1.5
68486  	4.0
685    	4.0
6850   	2.33
6851   	2.75
6852   	3.62
68522  	3.5
6853   	1.0
68536  	4.0
68552  	2.0
68554  	3.26
6856   	4.0
6857   	3.77
6858   	3.75
68597  	4.0
6860   	2.0
68600  	2.0
6862   	3.5
6863   	3.4
68650  	2.0
68659  	2.88
6867   	3.58
6868   	3.43
6869   	3.83
6870   	3.71
6872   	1.12
6873   	3.17
6874   	3.96
6879   	3.44
68791  	3.25
68793  	3.1
688    	2.33
6880   	1.86
6881   	3.07
6882   	2.5
6883   	3.0
68835  	3.5
6884   	3.0
68848  	4.33
6885   	2.83
6886   	3.5
6887   	4.1
68872  	4.0
6888   	2.27
68886  	4.0
6889   	3.0
6890   	3.56
6893   	3.85
68932  	3.5
68945  	4.0
68952  	3.75
68954  	4.0
68959  	2.75
6898   	3.33
6899   	3.5
69     	3.77
6902   	4.0
69069  	3.58
6909   	3.25
691    	3.33
6911   	3.5
69118  	1.5
6912   	3.5
69122  	3.63
69131  	2.5
69134  	3.8
69140  	4.0
6918   	3.75
692    	2.0
6920   	3.5
69211  	5.0
69224  	4.0
69227  	1.0
69251  	3.5
6927   	4.0
69275  	4.25
69278  	3.21
69304  	4.0
69306  	3.17
6932   	3.5
6934   	3.15
6935   	4.0
6936   	3.69
6938   	4.0
6939   	4.0
69394  	4.5
694    	2.95
69406  	3.5
6942   	3.79
69436  	2.79
6944   	3.5
6945   	4.25
69453  	1.5
6946   	2.75
69469  	5.0
6947   	3.64
6948   	4.0
69481  	4.06
6949   	3.5
69495  	3.5
695    	4.0
6950   	3.67
6951   	2.1
69516  	2.75
6952   	3.11
69524  	4.33
69526  	2.42
69529  	4.5
6953   	3.3
6954   	4.0
6957   	3.37
6958   	2.5
6959   	2.0
69604  	3.0
69606  	2.5
6961   	4.0
6962   	3.5
6963   	4.25
69640  	3.06
69644  	2.61
6965   	3.5
69654  	3.5
6966   	3.83
6967   	0.5
69685  	1.0
6969   	4.5
697    	2.7
6970   	3.75
6971   	4.0
69712  	4.0
69720  	4.5
6973   	2.5
6974   	3.0
69746  	3.5
6975   	3.2
69757  	3.67
6978   	3.25
69784  	3.65
6979   	3.31
698    	1.0
69805  	3.75
6981   	3.75
6982   	3.5
6983   	5.0
6984   	4.0
69844  	3.89
69849  	3.17
6985   	3.9
6986   	3.0
69860  	5.0
6987   	3.86
6989   	3.5
6990   	3.5
69904  	2.5
6992   	2.75
6993   	3.77
6994   	3.25
69951  	3.81
69953  	3.5
6996   	1.86
6997   	3.0
6998   	2.0
69988  	2.5
6999   	2.25
7      	3.19
70     	3.51
700    	3.21
7000   	3.0
7001   	3.75
70015  	1.5
7004   	2.88
7005   	1.5
7007   	3.5
7008   	4.5
7009   	3.33
7010   	3.5
7012   	3.0
7013   	4.0
7015   	3.17
70159  	3.0
7016   	1.5
7017   	3.5
7018   	3.9
70183  	3.67
7019   	2.75
70206  	3.5
70208  	4.0
7022   	3.93
7023   	4.5
7024   	3.67
7025   	3.75
7026   	2.38
7027   	3.2
7028   	3.57
70286  	3.78
70293  	2.96
703    	2.0
7030   	2.75
70301  	3.5
70305  	3.5
7031   	4.0
7032   	4.0
7033   	3.12
70334  	3.5
70336  	2.62
7034   	3.81
7036   	3.14
70361  	3.0
7037   	4.5
7038   	4.0
704    	2.57
7040   	2.5
7041   	2.5
7044   	3.8
7045   	3.17
70451  	5.0
7046   	2.5
7047   	2.5
7048   	3.38
7049   	3.0
70492  	3.5
7050   	3.75
7051   	3.5
7052   	3.0
70521  	3.67
7053   	4.0
70533  	3.83
7054   	3.5
70545  	2.0
7055   	4.0
7056   	4.25
70565  	3.62
7057   	3.5
7058   	3.5
7059   	3.75
70599  	3.9
706    	3.0
7060   	4.0
7061   	4.0
7062   	4.0
7063   	4.0
70637  	4.0
7064   	3.25
70641  	2.83
7065   	2.0
70663  	2.5
7067   	3.25
70687  	2.75
7069   	3.5
70697  	3.5
707    	2.88
7070   	4.0
70703  	2.0
70708  	4.5
7071   	5.0
7072   	3.5
70728  	3.83
7073   	2.5
7074   	3.5
7075   	3.5
7076   	3.88
7078   	3.83
7079   	3.5
708    	3.39
7080   	4.0
7082   	3.75
7083   	3.0
7084   	3.75
7085   	3.25
7086   	3.5
70862  	3.75
7087   	4.0
7088   	4.0
7089   	4.0
709    	3.09
7090   	3.92
7091   	4.0
7092   	3.5
7093   	3.75
70932  	2.0
70946  	3.5
7096   	5.0
70984  	3.0
7099   	4.0
70990  	2.5
70994  	3.0
71     	1.7
710    	2.56
7101   	3.0
7102   	2.5
7103   	3.5
71033  	3.86
7104   	2.67
71057  	3.64
7107   	2.75
7108   	3.25
7109   	3.0
711    	3.05
71106  	3.6
71108  	4.5
71129  	3.5
71131  	4.5
71135  	3.4
7114   	0.5
71147  	3.0
7115   	2.6
71156  	3.39
7116   	3.12
71160  	3.0
7117   	2.3
7118   	3.75
71205  	1.0
7121   	4.75
71211  	3.67
7122   	5.0
7123   	3.44
7124   	3.17
71248  	2.0
7125   	2.0
71252  	2.67
71254  	3.43
71264  	3.53
71268  	5.0
7127   	3.5
71282  	3.69
71302  	4.5
71304  	4.0
7131   	3.0
7132   	4.11
71327  	3.5
7134   	4.0
71341  	3.0
7137   	3.55
71379  	3.4
7139   	3.86
714    	3.97
7141   	4.0
7142   	3.0
71429  	3.0
7143   	3.9
71438  	1.0
71453  	4.0
71462  	4.25
71464  	3.23
71466  	4.0
71468  	3.5
7147   	3.83
71484  	2.5
7149   	3.65
71494  	3.5
715    	3.67
7150   	2.8
71500  	2.5
7151   	3.38
71518  	3.1
71520  	2.33
7153   	4.12
71530  	3.04
71535  	3.88
7154   	2.8
7155   	2.62
71550  	1.0
7156   	4.31
71579  	3.83
7158   	3.78
7160   	3.53
7161   	1.94
71619  	4.0
7162   	3.29
7163   	2.91
2077   	3.4
2078   	3.83
208    	2.91
2080   	3.4
2081   	3.43
2082   	2.65
2083   	3.74
2084   	2.7
2085   	3.43
2087   	3.57
2088   	2.5
2089   	3.5
209    	3.17
2090   	3.19
2091   	2.25
2092   	2.42
2093   	3.0
2094   	3.26
2095   	2.83
2096   	3.41
2097   	2.9
2098   	2.5
2099   	3.42
21     	3.49
210    	3.0
2100   	3.12
2102   	2.33
2103   	2.5
2104   	4.0
2105   	3.34
2106   	3.7
2107   	3.0
2108   	3.48
2109   	3.37
211    	3.5
2110   	3.31
2111   	3.25
2112   	3.19
2114   	3.72
2115   	3.64
2116   	3.13
2117   	3.71
2118   	3.73
2119   	1.33
212    	3.0
2120   	2.0
2121   	2.21
2122   	2.45
2123   	2.7
2124   	3.29
2125   	3.62
2126   	2.77
213    	3.83
2130   	3.69
2131   	4.62
2132   	4.14
2133   	3.33
2134   	3.11
2135   	3.77
2136   	2.46
2137   	3.55
2138   	4.05
2139   	3.48
214    	4.0
2140   	3.54
2141   	3.17
2142   	2.7
2143   	3.08
2144   	3.6
2145   	3.24
2146   	3.22
2147   	2.67
2148   	3.06
2149   	1.75
215    	4.04
2150   	3.89
2151   	3.75
2152   	2.0
2153   	2.32
2154   	1.75
2155   	3.62
2156   	4.0
2159   	3.93
216    	3.33
2160   	4.17
2161   	3.58
2162   	2.5
2163   	2.2
2164   	1.0
2165   	3.5
2166   	2.5
2167   	3.36
2169   	2.29
217    	2.33
2170   	2.4
2171   	3.31
2172   	3.0
2174   	3.47
2175   	4.5
2176   	3.9
2177   	3.17
2178   	3.5
2179   	3.0
218    	3.43
2180   	3.5
2181   	3.62
2182   	2.88
2183   	3.56
2184   	3.42
2185   	4.0
2186   	3.98
2187   	3.5
2188   	2.0
219    	3.0
2190   	2.0
2193   	3.34
2194   	3.94
2195   	3.21
2196   	5.0
22     	3.22
220    	3.0
2201   	3.5
2202   	4.36
2203   	4.14
2204   	3.88
2205   	2.88
2206   	4.0
2207   	3.0
2208   	3.92
2210   	3.25
2211   	3.0
2212   	3.67
222    	3.75
2226   	1.0
2227   	3.5
223    	3.86
2231   	3.86
2232   	3.43
2236   	3.0
2239   	4.67
224    	3.61
2240   	3.86
2241   	3.5
2243   	3.43
2244   	1.5
2245   	3.2
2247   	3.0
2248   	3.92
2249   	3.18
225    	3.54
2252   	2.5
2253   	2.38
2255   	1.5
2256   	2.5
2257   	4.0
2259   	3.19
2260   	2.5
2261   	3.0
2262   	3.0
2263   	2.8
2264   	2.75
2265   	2.38
2266   	3.1
2267   	2.5
2268   	3.79
2269   	3.0
227    	2.86
2271   	3.0
2272   	2.75
2273   	3.26
2275   	3.6
2278   	3.52
2279   	2.4
228    	2.33
2280   	3.0
2281   	2.5
2282   	3.42
2283   	3.5
2286   	2.0
2287   	3.8
2288   	3.93
2289   	3.95
229    	3.43
2290   	3.6
2291   	3.7
2292   	2.5
2294   	3.24
2295   	4.5
2296   	2.1
2297   	3.64
2298   	4.0
23     	3.12
230    	3.4
2300   	3.97
2301   	3.62
2302   	3.26
2303   	3.6
2304   	4.0
2306   	2.58
2307   	3.0
231    	3.06
2310   	3.67
2311   	3.59
2312   	3.83
2313   	4.03
2314   	4.5
2315   	2.17
2316   	3.21
2318   	4.12
232    	3.89
2320   	3.0
2321   	3.48
2322   	3.06
2323   	4.25
2324   	4.15
2325   	3.12
2327   	3.67
2328   	2.43
2329   	4.22
233    	3.5
2330   	4.5
2331   	3.0
2332   	1.25
2333   	4.12
2334   	2.81
2335   	3.18
2336   	3.67
2337   	3.38
2338   	2.06
2339   	1.5
234    	2.59
2340   	3.05
2342   	4.0
2344   	3.25
2346   	3.18
2347   	2.33
2348   	3.44
2349   	3.5
235    	3.68
2350   	3.5
2351   	4.29
2352   	3.84
2353   	3.49
2354   	2.5
2355   	3.52
2356   	2.6
2357   	4.42
2358   	4.0
2359   	3.67
236    	3.48
2360   	4.46
2361   	2.75
2362   	4.0
2363   	2.17
2364   	1.5
2365   	2.5
2366   	3.64
2367   	2.71
2368   	2.0
2369   	2.67
237    	3.34
2370   	3.0
2371   	3.08
2372   	2.22
2373   	2.28
2374   	3.17
2375   	2.93
2376   	3.21
2377   	2.5
2378   	3.02
2379   	2.46
238    	4.0
2380   	2.3
2381   	2.14
2382   	2.5
2383   	1.5
2384   	2.78
2385   	2.33
2387   	3.44
2388   	4.0
2389   	1.89
239    	3.0
2390   	3.93
2391   	3.8
2392   	1.94
2393   	3.15
2394   	3.5
2395   	3.54
2396   	3.78
2398   	4.06
2399   	2.25
24     	3.12
240    	2.38
2400   	3.0
2401   	3.81
2402   	2.66
2403   	3.55
2404   	1.92
2405   	2.81
2406   	3.45
127098 	4.38
1271   	3.5
127108 	3.88
127114 	4.0
127116 	4.5
127130 	4.0
127132 	2.0
127134 	3.5
127136 	3.25
127146 	3.0
127152 	4.25
127164 	3.5
127172 	3.5
127180 	4.0
127184 	4.0
127194 	2.0
127198 	3.58
1272   	4.12
127202 	3.75
127204 	3.75
127212 	4.5
127298 	4.0
1273   	4.05
127319 	1.5
127323 	1.0
127390 	4.0
1274   	3.74
1275   	3.73
1276   	4.27
1277   	4.12
1278   	3.99
1279   	4.12
128    	3.0
1280   	4.33
128087 	5.0
128089 	4.5
128097 	4.0
128099 	4.5
1281   	4.13
128197 	2.0
1282   	3.78
1283   	4.21
128360 	3.75
128366 	4.0
1284   	4.14
128488 	3.0
1285   	3.73
128512 	2.0
128520 	3.8
128542 	3.5
128592 	1.0
128594 	4.0
1286   	3.07
128620 	3.9
128695 	2.5
1287   	3.94
128736 	3.5
1288   	4.02
128832 	3.5
128838 	3.5
128842 	4.0
128852 	3.75
1289   	3.86
128900 	4.5
128902 	4.0
128908 	4.0
128914 	5.0
128944 	3.5
128968 	4.0
128975 	2.88
128991 	4.5
129    	2.0
1290   	3.35
129011 	3.5
1291   	4.05
1292   	3.95
129229 	2.0
129250 	0.5
1293   	3.83
129313 	4.0
129333 	1.5
129354 	3.25
129397 	2.75
129428 	3.0
1295   	3.23
129514 	5.0
1296   	3.71
129657 	1.0
129659 	3.5
1297   	3.67
129737 	2.25
129779 	2.5
1298   	3.76
1299   	4.02
129937 	2.17
13     	3.12
1300   	4.17
130050 	3.0
130052 	3.5
130073 	4.0
130083 	2.0
130087 	3.75
1301   	3.81
1302   	3.52
1303   	4.03
1304   	3.94
130444 	4.0
130450 	2.5
130452 	4.0
130482 	4.0
130490 	2.83
130498 	3.5
1305   	3.5
130518 	4.0
130520 	3.25
130576 	2.38
130578 	4.0
1306   	2.7
130634 	2.75
130686 	3.0
1307   	3.86
130840 	4.5
130842 	4.0
130970 	5.0
130976 	4.5
130978 	5.0
1310   	5.0
131013 	3.12
131023 	4.5
131098 	5.0
131104 	4.5
131130 	5.0
1312   	2.5
131237 	5.0
131439 	3.0
131480 	2.0
131578 	2.5
131610 	5.0
131656 	3.0
131714 	3.0
131724 	5.0
131739 	3.0
131749 	3.0
131796 	4.0
1318   	2.0
131826 	3.75
131920 	4.5
131934 	1.0
132    	2.83
1320   	3.15
132046 	2.5
132084 	2.5
1321   	3.41
132153 	5.0
132157 	2.75
1322   	1.5
1323   	1.67
132333 	5.0
132335 	1.0
132362 	3.5
1324   	1.17
132422 	3.25
132424 	1.75
132454 	3.5
132462 	1.0
132488 	2.0
132496 	4.5
1325   	1.25
132584 	3.5
1326   	1.12
132618 	1.5
132660 	3.75
1327   	2.63
132796 	1.88
1328   	0.75
132800 	3.0
132888 	3.0
1329   	2.75
1330   	1.5
1331   	2.0
133115 	4.0
133195 	1.5
1332   	3.67
133217 	3.5
133281 	2.0
1333   	3.6
133365 	2.0
133377 	1.5
1334   	3.0
133419 	3.44
1335   	1.0
133545 	1.0
1336   	1.0
133645 	4.0
1337   	4.5
133712 	3.75
133716 	4.5
133771 	4.0
133780 	3.0
133782 	2.0
133798 	1.5
133802 	4.25
133832 	3.5
133867 	4.5
133879 	4.0
1339   	3.47
1340   	3.17
134004 	5.0
134019 	3.5
134021 	2.5
134041 	4.0
134095 	5.0
1341   	3.75
134109 	5.0
134130 	4.0
134158 	1.5
134170 	3.71
134184 	4.5
1342   	2.5
134214 	3.5
134246 	0.5
134248 	3.0
134252 	4.5
1343   	3.78
134326 	4.5
134334 	4.5
134368 	3.69
134393 	3.2
1344   	3.96
1345   	3.35
134515 	3.0
134524 	3.0
134528 	0.5
1346   	2.81
1347   	3.0
134775 	2.0
134783 	2.0
134796 	5.0
1348   	3.53
134808 	2.0
134847 	5.0
134849 	4.0
134853 	3.81
134859 	3.5
134861 	2.5
134881 	4.33
1349   	5.0
135    	2.95
1350   	3.82
1351   	2.33
135133 	3.7
135137 	2.58
135143 	3.68
135198 	4.0
1352   	2.25
135216 	0.5
135288 	3.0
1353   	3.38
1354   	4.07
135436 	3.07
135456 	3.25
1355   	2.0
135518 	2.75
135532 	3.33
135534 	3.5
135536 	2.92
135567 	2.38
135569 	3.47
1356   	3.88
1357   	4.0
135777 	4.5
135787 	3.5
1358   	3.84
135803 	3.5
135815 	4.0
135861 	2.78
135885 	3.0
135887 	3.17
1359   	2.86
135937 	3.0
136012 	1.5
136016 	3.0
136018 	2.5
136020 	3.06
136024 	3.0
1361   	4.08
136297 	0.5
1363   	3.5
136305 	1.0
136341 	5.0
136353 	5.0
136355 	5.0
136359 	5.0
136443 	1.5
136445 	5.0
136447 	5.0
136449 	3.75
136469 	5.0
136471 	3.5
1365   	3.58
136503 	5.0
136511 	2.0
136540 	4.5
136556 	5.0
136562 	3.75
136564 	2.5
136598 	3.42
1366   	3.9
136602 	3.0
136654 	1.5
136664 	1.0
136666 	2.25
1367   	3.07
136778 	2.0
136786 	1.5
136800 	1.5
136816 	2.5
136834 	5.0
136838 	2.5
136840 	3.5
136850 	5.0
136859 	1.5
136864 	2.34
136912 	2.0
136958 	2.0
137    	3.0
1370   	3.4
1371   	3.04
1372   	3.35
137218 	2.5
1373   	2.67
137337 	3.5
137345 	2.0
1374   	3.77
1375   	3.26
137517 	0.5
137595 	4.0
1376   	3.48
1377   	3.02
1378   	3.1
137857 	3.64
137859 	4.0
137863 	4.0
1379   	3.0
1380   	3.14
138036 	3.47
1381   	2.08
138186 	0.5
1382   	1.88
138204 	4.0
138208 	3.0
138210 	3.3
138396 	3.5
1385   	2.85
138546 	1.5
138610 	1.5
138632 	5.0
1387   	4.01
138702 	3.0
138798 	0.5
1388   	2.62
138835 	5.0
1389   	1.42
138966 	5.0
1390   	2.67
139052 	2.0
1391   	3.09
139130 	2.5
139157 	4.5
1392   	4.12
1393   	3.59
139385 	3.9
1394   	3.99
139415 	3.0
1395   	3.0
139511 	3.0
1396   	3.48
139640 	5.0
139642 	2.83
139644 	3.55
139655 	3.0
1397   	4.0
139717 	1.25
139747 	3.5
1398   	2.5
139855 	3.25
139857 	1.5
139859 	2.5
1399   	3.1
139915 	2.25
139994 	4.0
14     	3.83
140    	3.5
140016 	2.0
140038 	4.5
1401   	3.33
140110 	3.65
140133 	5.0
140162 	4.5
140174 	3.56
140237 	2.0
140247 	3.25
140265 	5.0
140267 	4.0
140289 	4.0
140301 	3.0
140359 	4.0
140481 	4.5
1405   	2.94
140523 	3.5
140525 	1.5
140541 	4.0
140561 	4.0
1406   	4.5
140627 	5.0
1407   	3.2
140711 	2.67
140715 	4.21
140725 	3.5
140737 	3.5
1408   	3.83
140816 	4.5
140850 	2.0
140852 	1.0
1409   	2.5
140928 	3.2
140956 	3.5
141    	3.49
141004 	3.25
1411   	4.0
141131 	2.5
1412   	3.5
1413   	4.25
1414   	3.0
141400 	4.0
141408 	3.75
141422 	2.5
1415   	2.5
141513 	4.0
141544 	3.5
1416   	3.42
141646 	3.5
141668 	0.5
141688 	3.5
1417   	3.25
141718 	5.0
141749 	3.75
141799 	3.5
141810 	4.0
141816 	5.0
141818 	4.5
141820 	4.0
141830 	3.25
141836 	4.5
141844 	4.5
141846 	4.0
141866 	3.33
141890 	3.0
1419   	4.25
141928 	5.0
141994 	0.5
142020 	5.0
142056 	3.0
142074 	1.5
142115 	4.75
142196 	4.5
1422   	2.75
142222 	3.12
1423   	4.0
142366 	3.0
142372 	2.75
142420 	3.0
142422 	4.25
142424 	2.0
142444 	5.0
142448 	3.08
142456 	4.0
142488 	4.16
1425   	3.0
142507 	2.5
142509 	3.75
142536 	2.0
142550 	4.5
142558 	3.0
142598 	4.0
1426   	1.0
142602 	1.0
1427   	1.0
1428   	3.0
142831 	4.5
1429   	3.58
142961 	2.5
142997 	2.88
1430   	3.0
143001 	1.5
143031 	5.0
1431   	2.47
1432   	2.71
143245 	2.25
143255 	1.5
143257 	3.0
143355 	3.31
143365 	2.5
143367 	3.75
143385 	3.44
143410 	2.0
143458 	4.0
143472 	1.5
143511 	5.0
143525 	4.0
143559 	5.0
1437   	4.25
1438   	2.62
143859 	2.81
143896 	4.5
1439   	2.17
143969 	2.83
144    	3.33
1440   	1.5
1441   	3.47
1442   	3.5
144210 	4.0
144222 	3.0
144262 	2.0
144352 	0.5
144478 	4.5
1445   	2.14
144522 	2.0
1446   	4.43
144606 	4.0
144620 	2.0
1447   	3.38
144714 	1.5
144716 	2.0
144734 	4.5
1449   	3.88
144976 	4.5
145    	3.25
145080 	2.5
145150 	3.0
145283 	3.5
1453   	1.83
1454   	3.75
145418 	4.0
145491 	3.5
1456   	2.0
1457   	3.08
145724 	0.5
145745 	2.5
1458   	4.0
145839 	2.5
1459   	2.67
145935 	1.5
145951 	0.5
145994 	5.0
146    	3.33
1460   	3.25
146024 	4.0
146028 	4.0
1461   	2.31
146210 	3.0
146244 	4.0
146309 	4.0
1464   	3.26
1465   	3.33
1466   	3.74
146656 	3.75
146662 	5.0
146682 	4.0
146684 	5.0
146688 	2.0
146730 	2.0
1468   	2.6
146986 	4.0
147    	3.47
147002 	4.0
147142 	3.0
147196 	5.0
147250 	5.0
147282 	4.0
147286 	5.0
1473   	4.0
147300 	5.0
147326 	5.0
147328 	5.0
147330 	5.0
147372 	3.75
147374 	4.17
147376 	4.75
147378 	3.0
147380 	2.88
147382 	4.5
147384 	4.0
1474   	2.14
147410 	5.0
1475   	4.0
1476   	3.54
147657 	4.0
147662 	3.0
1477   	4.0
1479   	3.22
147936 	4.5
148    	5.0
1480   	3.36
148166 	3.5
148172 	2.5
148238 	2.5
1483   	3.09
1484   	3.67
148424 	3.75
148482 	3.0
1485   	3.03
148592 	3.0
148626 	3.96
148632 	4.5
148652 	3.25
148667 	3.5
148671 	4.5
148675 	2.0
1487   	3.0
148709 	2.0
148775 	4.0
1488   	2.83
148881 	4.5
148888 	2.5
1489   	3.0
148956 	3.12
148978 	4.0
148982 	4.0
149    	2.0
1490   	1.5
149011 	3.5
149144 	4.0
149146 	4.0
1493   	3.5
149330 	4.0
149334 	3.0
149350 	5.0
149352 	2.67
149354 	2.5
149380 	1.5
149406 	3.38
1495   	2.0
149508 	5.0
149566 	5.0
149590 	2.5
1496   	4.0
149612 	2.0
1497   	4.0
1498   	3.0
149830 	4.5
1499   	1.93
149902 	2.0
15     	3.0
150    	3.85
1500   	3.61
1502   	2.5
150254 	2.0
1503   	3.0
150401 	3.0
150548 	3.85
150554 	5.0
150596 	4.25
150604 	2.5
150696 	4.5
1507   	3.5
150993 	4.0
151    	3.55
1513   	2.97
151311 	3.0
151315 	2.0
151317 	2.0
1514   	3.0
151455 	2.83
151479 	1.5
1515   	2.1
151501 	1.5
151557 	2.5
151559 	2.0
1516   	3.0
151653 	1.5
151687 	0.5
151695 	4.0
1517   	3.54
151739 	2.88
151745 	0.5
151759 	2.5
151763 	4.0
151769 	5.0
151777 	3.0
151781 	3.5
1518   	3.35
1519   	1.0
152    	1.5
152037 	2.0
152063 	0.5
152065 	3.5
152071 	1.5
152077 	3.68
152079 	2.0
152081 	3.89
152083 	3.33
152085 	2.5
152091 	3.12
152105 	4.5
152173 	4.0
152270 	3.5
152284 	3.5
152372 	3.5
152591 	4.0
1526   	1.0
152658 	1.5
1527   	3.75
152711 	5.0
1529   	3.33
152970 	4.38
153    	2.92
153070 	3.5
153236 	3.0
1533   	4.5
153386 	3.0
153408 	4.0
1537   	3.81
154    	3.88
154065 	2.0
1541   	2.7
1542   	3.71
154358 	4.0
1544   	2.75
1545   	4.5
1546   	3.5
1547   	3.25
1549   	4.0
154975 	4.0
155    	2.42
1550   	2.25
155064 	3.0
1551   	2.17
155168 	4.0
1552   	3.03
155288 	2.83
155358 	2.0
1554   	2.4
155509 	3.5
155589 	3.0
1556   	1.61
155659 	4.0
155743 	2.0
155774 	3.5
155812 	3.25
155820 	2.5
155892 	2.0
156    	3.33
156025 	5.0
1562   	2.21
156371 	4.17
156387 	3.83
1564   	4.0
1565   	4.0
156553 	2.5
1566   	3.45
156605 	4.5
156607 	1.0
156609 	2.6
156675 	2.0
156706 	2.5
156726 	2.67
156781 	4.0
156783 	2.5
1569   	3.5
157    	2.86
1571   	4.5
157108 	4.5
157110 	4.5
157122 	3.0
157130 	2.0
157172 	0.5
1572   	3.0
157200 	2.25
157270 	2.5
157296 	3.58
1573   	3.37
157312 	2.67
157340 	2.5
157369 	4.0
1574   	1.0
157407 	1.5
157432 	1.0
157699 	3.83
157775 	5.0
157865 	1.5
158    	2.81
1580   	3.49
158022 	1.5
158027 	5.0
158035 	3.5
1581   	2.17
1582   	2.6
158238 	3.83
158254 	1.5
1583   	3.0
158388 	2.5
158398 	5.0
1584   	3.65
158402 	2.5
1585   	3.0
158528 	2.5
1586   	2.8
1587   	3.26
158721 	3.5
158783 	2.67
1588   	3.08
158813 	2.0
158830 	2.5
158842 	3.5
158872 	3.64
158874 	3.0
158882 	5.0
1589   	3.28
158956 	2.5
158966 	4.5
158972 	3.67
159    	2.89
1590   	2.94
159061 	3.0
159069 	4.5
159077 	2.5
159093 	3.64
1591   	2.63
159161 	4.5
159193 	3.0
1592   	2.38
1593   	2.83
1594   	4.08
159403 	3.0
159415 	3.25
159441 	3.5
159510 	2.0
1596   	4.33
159690 	2.0
1597   	2.94
159717 	3.75
159755 	2.75
159779 	4.0
1598   	2.5
159811 	5.0
159817 	4.21
159849 	2.5
159858 	2.25
1599   	2.33
159976 	4.5
16     	3.93
160    	2.88
1600   	3.5
160080 	3.12
1601   	2.33
1602   	1.75
160271 	3.62
160289 	4.5
1603   	2.46
160341 	2.5
1604   	3.33
160400 	3.0
160422 	3.0
160438 	2.72
160440 	1.5
1605   	2.75
160527 	4.5
160563 	3.08
160565 	2.75
160567 	3.33
160569 	1.0
160571 	3.0
160573 	3.0
1606   	2.33
160644 	5.0
160646 	2.5
160684 	3.5
160718 	4.5
160730 	2.0
1608   	3.34
160836 	3.0
160848 	4.5
160872 	0.5
1609   	2.67
160954 	2.62
160978 	1.0
160980 	3.17
161    	3.64
1610   	3.87
161008 	2.5
161024 	4.5
161032 	2.5
161044 	3.0
1611   	4.1
161127 	3.75
161131 	3.62
1612   	3.0
161290 	1.0
1613   	4.0
161354 	3.0
1614   	2.79
1615   	3.0
161580 	3.83
161582 	3.56
161594 	3.5
1616   	3.02
161634 	3.3
1617   	4.06
161830 	1.0
1619   	3.43
161918 	1.5
161922 	3.25
161966 	4.0
162    	4.21
1620   	3.12
162082 	3.5
1621   	3.25
1623   	2.25
162344 	5.0
162350 	3.58
1624   	1.75
162414 	5.0
162478 	4.0
1625   	3.7
162578 	4.0
162590 	1.0
162598 	3.5
1626   	2.67
162600 	3.0
162602 	4.5
162606 	3.0
1627   	3.36
162828 	2.5
1629   	3.33
162968 	4.0
162982 	3.0
163    	3.56
163056 	4.0
163072 	5.0
1631   	5.0
163112 	5.0
163134 	4.0
1633   	4.0
163386 	5.0
1635   	3.88
163527 	4.0
163639 	4.0
163645 	3.94
163653 	3.0
163809 	2.5
1639   	3.58
163925 	5.0
163937 	3.5
163981 	3.5
163985 	4.5
164    	3.32
1641   	3.76
164179 	3.98
1642   	1.75
164200 	4.0
164226 	4.5
164280 	3.5
1643   	3.8
164367 	5.0
164375 	1.5
1644   	2.11
1645   	3.41
164540 	3.5
1646   	2.14
164647 	2.5
164655 	2.0
1647   	2.5
164707 	4.0
164753 	2.0
1648   	3.5
164881 	1.5
1649   	2.5
164909 	3.39
164917 	4.5
165    	3.56
1650   	3.75
165075 	2.5
165101 	2.88
165103 	3.75
165139 	2.0
1652   	4.5
1653   	3.95
165343 	1.5
165347 	2.0
1654   	3.5
165483 	4.0
165489 	2.5
1655   	4.0
165529 	2.0
165549 	2.9
165551 	4.5
1656   	4.0
165635 	1.0
165639 	3.83
165645 	0.5
165671 	4.5
1658   	3.06
165843 	4.0
1659   	4.0
165947 	3.25
165959 	5.0
165969 	4.0
166    	2.83
1660   	3.0
166015 	3.5
166024 	4.75
1661   	3.0
166183 	5.0
1662   	3.0
166203 	4.0
166291 	4.0
1663   	3.79
166461 	3.45
166492 	3.5
1665   	2.97
166526 	1.0
166528 	3.93
166534 	3.33
166558 	3.0
166568 	4.5
166635 	3.67
166643 	3.8
1667   	2.1
166705 	3.0
166946 	4.25
1670   	3.0
167018 	3.12
167036 	3.75
167064 	5.0
1671   	3.0
1672   	3.38
167296 	0.5
1673   	4.08
167370 	2.5
167380 	4.5
1674   	3.65
1675   	3.5
167538 	1.0
167570 	4.0
1676   	3.33
167634 	4.5
1677   	2.0
167706 	2.5
167732 	3.5
167746 	3.71
167772 	1.5
167790 	3.5
1678   	3.5
167854 	4.5
1679   	2.0
168    	3.08
1680   	3.6
168026 	4.0
168090 	4.0
1681   	1.93
168144 	4.0
168174 	3.0
1682   	3.81
168218 	4.5
168248 	4.14
168250 	3.63
168252 	4.28
168254 	3.12
168266 	3.75
1683   	4.42
168326 	4.0
168350 	2.5
168358 	2.5
168366 	3.5
1684   	3.5
168418 	3.8
168456 	2.0
168492 	3.75
1685   	3.0
1686   	3.67
168608 	3.0
168612 	3.75
168632 	4.0
1687   	3.22
168712 	1.0
1688   	3.35
168846 	4.5
1689   	2.21
169    	2.4
1690   	2.92
169034 	4.5
169180 	2.5
1693   	3.5
1694   	3.0
1695   	4.0
1696   	3.5
169670 	1.5
1699   	4.0
169904 	2.0
169912 	3.0
169958 	1.0
169982 	3.0
169984 	2.8
169992 	3.5
17     	3.78
170    	3.23
1701   	3.88
1702   	3.0
170289 	1.0
170297 	2.0
1703   	2.9
170355 	3.75
170357 	4.0
170399 	4.0
1704   	4.08
170401 	3.0
170411 	4.0
170551 	2.5
170597 	5.0
170697 	4.12
1707   	1.88
170705 	4.29
170777 	5.0
170813 	3.0
170817 	4.0
170827 	3.5
170837 	4.0
170875 	2.33
170897 	2.0
170907 	4.0
170937 	3.0
170939 	3.5
170945 	3.5
170957 	3.0
170993 	4.0
171    	3.83
171011 	4.2
171023 	4.0
1711   	3.1
171251 	4.0
1713   	3.07
171495 	4.5
171631 	1.0
171695 	3.0
1717   	2.92
171701 	3.5
171749 	5.0
171751 	2.5
171759 	3.0
171763 	4.33
171765 	3.75
1718   	3.25
171811 	4.0
171867 	3.25
171891 	3.5
1719   	4.25
171917 	4.5
172    	2.68
172013 	3.0
1721   	3.41
1722   	3.07
172215 	2.75
172229 	3.0
172233 	2.5
172253 	3.0
172321 	2.0
172461 	3.0
172497 	4.0
172547 	2.25
172577 	5.0
172583 	5.0
172585 	5.0
172587 	5.0
172589 	5.0
172591 	4.75
1726   	2.69
172637 	5.0
1727   	3.75
172705 	5.0
172793 	5.0
172825 	4.5
172875 	5.0
172881 	3.5
172887 	3.0
1729   	3.7
172909 	5.0
173    	2.67
1730   	3.25
1731   	1.75
173145 	2.88
173197 	4.25
1732   	3.92
173205 	4.0
173209 	4.0
173235 	4.5
173253 	3.5
173255 	2.5
173291 	2.88
1733   	4.5
173307 	0.5
173317 	4.5
173351 	5.0
173355 	5.0
1734   	4.06
1735   	3.32
173535 	4.5
173619 	5.0
173751 	2.0
173873 	2.0
1739   	4.0
173925 	4.25
173941 	3.0
173963 	5.0
174    	2.7
174045 	4.0
174053 	4.75
174055 	3.42
174141 	3.5
174403 	2.5
174479 	4.0
174551 	5.0
1746   	2.0
174681 	3.5
1747   	3.34
174727 	3.0
174737 	3.0
1748   	3.82
174815 	3.5
174909 	4.5
175    	3.98
175197 	3.5
175199 	4.0
1752   	2.5
175293 	5.0
1753   	3.59
175303 	3.33
175387 	5.0
175397 	5.0
1754   	3.5
175401 	4.0
175431 	5.0
175435 	4.5
175475 	0.5
175485 	1.67
1755   	4.1
175569 	3.4
175577 	1.5
175585 	3.5
175661 	2.67
175693 	2.5
1757   	2.0
175705 	3.5
175707 	3.0
175743 	3.0
175781 	3.0
1759   	5.0
176    	4.31
1760   	1.35
176051 	3.5
176101 	3.06
1762   	2.3
176329 	4.0
176371 	3.81
176389 	2.0
176413 	4.5
176415 	3.5
176419 	3.25
176423 	4.0
176579 	1.0
176601 	5.0
176621 	2.0
1767   	3.0
176751 	4.5
176805 	4.0
1769   	2.93
176935 	2.0
177    	2.75
1770   	2.5
1771   	4.0
177185 	4.5
1772   	2.71
177285 	3.0
177593 	4.75
177615 	3.33
1777   	3.42
177763 	2.83
177765 	3.54
1779   	2.76
177939 	4.5
178    	1.0
178061 	3.33
178111 	2.0
178129 	3.5
1783   	2.8
178323 	3.5
1784   	3.7
1785   	3.9
178613 	4.0
178615 	3.5
178827 	4.25
179    	1.5
179053 	3.5
179073 	3.0
1791   	2.33
179119 	4.0
179133 	5.0
179135 	5.0
1792   	3.02
179211 	3.0
1793   	4.0
1794   	3.0
179401 	3.67
179427 	4.0
179491 	1.0
179511 	4.0
1797   	4.25
179709 	3.0
179749 	1.5
1798   	2.0
179813 	4.0
179815 	1.5
179817 	3.83
179819 	3.12
1799   	3.42
179953 	3.5
18     	3.7
180    	3.4
180031 	3.69
180045 	4.0
180095 	4.0
1801   	3.5
180231 	4.0
180263 	2.0
180265 	4.5
180297 	3.75
1804   	3.0
180497 	4.25
1805   	3.02
1806   	2.31
1807   	3.0
180777 	4.5
1809   	4.0
180985 	3.0
180987 	1.5
181    	2.26
1810   	3.5
181065 	3.75
181139 	1.5
1812   	3.67
181315 	3.5
181413 	4.5
1816   	2.0
181659 	2.5
181719 	3.5
1821   	2.67
182293 	4.0
182297 	4.0
182299 	4.0
1824   	1.0
1825   	3.5
1826   	2.0
182639 	4.0
1827   	3.33
182715 	3.83
182727 	2.0
182731 	4.5
182749 	2.5
182793 	3.5
182823 	2.88
1829   	3.25
183    	3.5
183011 	1.5
1831   	2.45
183197 	3.5
183199 	4.0
183227 	3.5
183295 	3.5
1833   	3.0
183301 	3.0
183317 	4.5
1834   	4.0
1835   	3.38
1836   	4.5
183611 	4.0
183635 	3.5
1837   	2.25
183897 	3.5
1839   	3.0
183911 	1.5
183959 	4.5
184    	3.5
1840   	3.21
184015 	3.5
184053 	2.0
1841   	3.0
184245 	5.0
184253 	2.25
184257 	4.0
184349 	3.5
1844   	3.88
184471 	2.5
1845   	3.97
184641 	0.5
184721 	4.0
184791 	3.25
1848   	3.04
184931 	4.0
184987 	3.0
184997 	4.0
185    	3.04
185029 	2.75
185031 	4.5
185033 	2.0
185135 	4.75
185435 	3.0
185473 	3.0
1855   	2.57
185585 	2.75
1856   	4.0
1857   	3.5
1858   	2.56
1859   	3.67
186    	2.82
1860   	2.62
1862   	1.94
1863   	2.43
186587 	3.0
1866   	2.93
1867   	2.0
187    	4.12
1870   	3.0
187031 	3.25
1873   	3.75
1875   	3.92
187541 	3.0
187593 	3.88
187595 	3.9
1876   	3.07
187717 	5.0
188    	3.46
1881   	2.0
188189 	4.5
1882   	1.95
1883   	3.27
188301 	3.67
1884   	3.97
1885   	3.12
188675 	3.5
1887   	2.0
188751 	4.5
188797 	4.0
1888   	2.67
188833 	4.5
1889   	3.75
189    	3.0
189043 	2.5
1891   	2.0
189111 	3.0
1892   	3.28
1893   	4.5
189333 	3.75
189381 	2.5
1894   	2.84
1895   	3.33
189547 	1.0
1897   	3.5
189713 	2.5
19     	2.73
190    	2.8
1900   	4.0
190183 	3.5
1902   	4.0
190207 	1.5
190209 	4.0
190213 	1.0
190215 	1.5
190219 	1.0
190221 	1.0
1904   	3.33
1906   	2.5
1907   	3.57
1909   	3.44
191    	2.42
1910   	2.0
191005 	4.5
1911   	2.61
1912   	3.86
1913   	4.0
1914   	3.39
1916   	3.42
1917   	3.05
1918   	2.85
1919   	2.5
1920   	2.83
1921   	3.85
1922   	3.5
1923   	3.68
1924   	3.19
1926   	3.0
1927   	4.35
1928   	3.5
1929   	4.0
193    	2.47
1931   	4.17
1932   	3.5
1933   	3.0
1934   	3.83
193565 	3.5
193567 	3.0
193571 	4.0
193573 	4.0
193579 	3.5
193581 	4.0
193583 	3.5
193585 	3.5
193587 	3.5
1936   	4.0
193609 	4.0
1937   	3.25
1938   	4.0
1939   	4.06
194    	3.67
1940   	4.0
1941   	3.5
1942   	4.25
1944   	3.95
1945   	4.19
1946   	3.83
1947   	3.6
1948   	3.64
1949   	4.33
195    	3.1
1950   	4.18
1951   	3.57
1952   	3.95
1953   	3.87
1954   	3.83
1955   	3.89
1956   	4.0
1957   	4.04
1958   	3.8
1959   	3.67
196    	2.67
1960   	3.69
1961   	3.81
1962   	3.74
1963   	3.36
1964   	4.08
1965   	3.38
1966   	3.62
1967   	3.82
1968   	3.78
1969   	2.35
1970   	2.92
1971   	2.43
1972   	2.14
1973   	2.2
1974   	2.88
1975   	2.5
1976   	2.21
1977   	2.58
1978   	2.5
1979   	3.25
198    	3.25
1980   	2.0
1981   	2.0
1982   	3.72
1983   	2.4
1984   	2.17
1985   	2.0
1986   	1.5
1987   	2.5
199    	4.12
1990   	4.0
1991   	2.71
1992   	2.38
1993   	1.8
1994   	3.43
1995   	1.67
1996   	1.88
1997   	3.8
1998   	1.5
1999   	2.0
2      	3.43
20     	2.5
2000   	3.67
2001   	3.18
2002   	2.93
2003   	3.38
2004   	3.33
2005   	3.57
2006   	3.1
2007   	3.5
2008   	3.0
2009   	3.47
201    	3.0
2010   	3.86
2011   	3.51
2012   	3.37
2013   	3.1
2014   	2.62
2015   	3.39
2016   	2.88
2017   	3.1
2018   	3.37
2019   	4.19
202    	3.0
2020   	4.0
2021   	3.43
2022   	3.69
2023   	3.36
2024   	3.33
2025   	3.93
2026   	2.0
2027   	1.83
2028   	4.15
203    	3.43
2032   	2.0
2033   	3.75
2034   	2.61
2035   	3.67
2036   	2.25
2037   	4.0
2038   	2.33
204    	2.72
2040   	2.86
2041   	3.33
2042   	2.58
2043   	2.75
2044   	2.5
2046   	3.21
2048   	3.56
205    	3.17
2050   	2.88
2051   	2.33
2052   	2.76
2053   	2.05
2054   	2.76
2055   	3.0
2056   	3.0
2057   	3.38
2058   	3.35
2059   	3.0
206    	3.0
2060   	3.07
2064   	3.84
2065   	3.73
2066   	4.12
2067   	4.14
2068   	2.75
2069   	4.25
207    	3.43
2070   	3.4
2071   	3.25
2072   	3.18
2073   	3.6
2074   	3.67
2075   	5.0
2076   	3.95
5014   	3.76
50147  	2.0
5015   	3.31
50158  	2.5
5016   	3.0
50160  	3.75
50189  	1.17
502    	2.37
5021   	2.83
5023   	4.0
5025   	2.63
5026   	3.82
5027   	3.0
50274  	3.5
5028   	2.0
5033   	2.5
5034   	3.67
50354  	3.0
50356  	3.0
5039   	4.08
504    	3.0
5040   	3.12
5041   	1.5
50440  	2.0
50442  	3.12
50445  	2.5
5046   	3.0
5047   	3.22
5048   	2.33
5049   	3.59
505    	2.21
5051   	3.0
50514  	3.5
5053   	1.5
5054   	3.5
5055   	2.81
5059   	5.0
506    	4.5
5060   	3.93
50601  	2.78
50610  	4.0
50613  	4.5
5062   	3.5
5063   	3.0
5064   	3.83
5065   	3.08
50658  	4.0
5066   	3.5
5068   	4.0
50685  	3.83
5069   	3.25
507    	3.38
5071   	4.0
5072   	3.96
5073   	3.83
5074   	3.17
50740  	3.83
5075   	3.67
5076   	2.5
5077   	3.0
50792  	2.25
50794  	3.1
50796  	2.0
50798  	1.12
508    	3.61
5080   	2.6
50800  	2.5
50802  	3.0
50804  	3.5
50806  	1.0
5081   	2.8
5083   	3.5
50842  	4.5
50851  	4.5
50872  	3.87
5088   	5.0
509    	3.54
50912  	2.94
5092   	3.0
50923  	2.25
5093   	2.78
5094   	1.79
50942  	3.5
5095   	4.5
50954  	1.0
5096   	1.25
5099   	2.5
50999  	5.0
510    	3.0
5102   	2.5
51024  	3.17
5103   	3.44
51037  	3.0
5105   	0.5
5106   	2.07
5107   	3.1
51077  	2.25
5108   	2.91
51080  	3.56
51082  	2.0
51084  	3.1
51086  	2.93
51088  	3.0
5109   	4.0
51091  	3.5
511    	3.0
5110   	3.6
5111   	1.5
5112   	3.0
5113   	2.75
5114   	4.0
5116   	3.5
51167  	4.5
51174  	3.5
512    	3.0
5120   	4.17
5121   	4.0
51255  	4.0
5127   	3.5
5128   	2.36
513    	3.38
5131   	3.25
51314  	4.5
5134   	3.0
5135   	3.83
51357  	4.0
5136   	2.5
5137   	3.83
5139   	3.28
514    	3.42
51412  	2.82
5146   	3.11
5147   	3.75
51471  	3.0
51498  	3.25
515    	3.6
5151   	3.0
5152   	3.33
51540  	3.71
51545  	2.5
5155   	4.5
5156   	2.5
51562  	4.0
51573  	3.0
51575  	2.3
5159   	3.14
516    	3.06
5165   	4.0
51662  	3.68
51666  	2.0
5168   	3.0
51694  	3.5
51698  	3.0
517    	3.28
5170   	2.5
51705  	4.25
51709  	4.0
5171   	2.86
5177   	3.5
5178   	4.0
518    	2.38
5181   	4.5
51834  	2.92
5187   	4.0
51884  	3.67
5189   	1.5
519    	2.4
51903  	2.5
51925  	3.5
51927  	3.25
51931  	4.1
51933  	2.5
51935  	3.86
51937  	2.5
51939  	3.08
5197   	2.0
5198   	3.5
52     	3.46
520    	3.13
5202   	3.25
52042  	2.5
5205   	2.75
5209   	2.0
521    	3.17
5212   	3.0
5213   	1.5
5214   	2.5
5218   	3.69
5219   	3.08
522    	3.29
5220   	2.4
5221   	3.0
5222   	3.38
5224   	4.25
52241  	3.25
52245  	3.09
5225   	3.95
5226   	2.25
52279  	1.5
52281  	3.43
52283  	2.5
52287  	3.55
52299  	3.5
523    	3.5
5231   	3.5
52319  	3.57
52328  	3.64
5237   	4.0
52375  	3.5
5238   	3.5
5239   	4.0
524    	3.49
5240   	4.0
5241   	5.0
52435  	3.59
5244   	5.0
52458  	3.15
5246   	2.12
52462  	3.0
5247   	2.72
5248   	1.38
5250   	4.0
5254   	3.21
5255   	2.38
5256   	2.75
52579  	3.25
5258   	2.0
526    	4.0
52604  	3.67
5264   	2.25
52644  	3.75
5265   	3.32
5266   	3.0
52668  	4.0
5267   	3.29
5268   	2.5
5269   	4.0
52694  	2.88
527    	4.22
52712  	2.33
52715  	2.0
5272   	3.0
52722  	3.0
52724  	3.0
52730  	1.5
5275   	1.5
52767  	4.0
5278   	1.0
52784  	4.0
5279   	4.25
528    	2.33
5282   	3.25
5283   	2.91
52831  	3.5
5284   	2.5
5285   	4.0
52867  	4.0
5288   	4.5
52885  	3.78
529    	3.88
5291   	3.94
5292   	3.86
5293   	3.33
5294   	3.86
52950  	2.5
52952  	4.0
5296   	2.9
52967  	3.62
5297   	2.5
52973  	3.65
52975  	3.5
5298   	3.5
5299   	3.27
53     	5.0
5300   	4.0
53000  	3.6
53022  	3.75
53024  	3.88
5303   	3.43
5304   	4.0
5307   	3.0
5308   	2.82
5309   	2.56
531    	3.25
5311   	3.0
5312   	2.86
53121  	3.02
53123  	3.94
53125  	3.44
53127  	2.88
53129  	4.0
5313   	2.3
53138  	3.5
53140  	3.75
53143  	2.0
5316   	3.14
53161  	3.0
5319   	3.5
532    	3.0
5321   	2.0
5322   	4.0
5323   	1.19
5324   	2.75
5325   	3.79
5328   	5.0
53280  	5.0
5329   	3.35
533    	2.89
53318  	3.25
53322  	3.48
53326  	2.0
5333   	3.33
5334   	1.5
53355  	5.0
5337   	2.83
5338   	2.0
5339   	3.92
534    	3.61
5341   	3.75
53435  	2.0
53447  	4.0
5345   	3.0
53450  	1.5
53453  	0.5
5346   	1.75
53460  	3.5
53464  	2.58
53466  	2.83
53468  	3.29
5347   	2.5
5348   	4.0
5349   	3.54
535    	3.27
53519  	3.13
5353   	3.0
53550  	3.33
5356   	0.5
5357   	3.5
53574  	4.0
53578  	5.0
5358   	3.0
536    	3.33
5361   	1.75
5363   	2.5
5364   	3.5
5365   	4.0
537    	3.17
5372   	3.5
5373   	4.0
5375   	3.0
5377   	3.72
5378   	3.16
5379   	4.25
538    	3.58
5380   	3.85
53808  	2.0
5382   	3.0
5384   	3.0
5385   	4.5
5387   	4.0
5388   	3.3
53883  	4.5
5389   	3.5
53894  	3.71
539    	3.47
5390   	3.0
5391   	4.0
53921  	3.5
53953  	3.16
53956  	3.25
5397   	2.5
53972  	3.41
53974  	2.33
5398   	4.0
53993  	2.54
53996  	3.35
54     	2.33
540    	2.67
5400   	2.97
54001  	3.86
54004  	3.45
5401   	1.83
5404   	4.5
5409   	3.75
541    	4.1
5410   	2.38
54116  	3.25
54121  	3.0
5414   	2.88
5415   	3.12
5416   	5.0
5417   	3.83
5418   	3.82
54185  	3.75
5419   	2.85
54190  	4.05
542    	2.79
5420   	2.88
5421   	3.5
5422   	4.0
5423   	3.0
5424   	3.0
5425   	4.25
54256  	3.14
54259  	3.6
5427   	2.5
54272  	3.62
54274  	0.5
54276  	3.25
5428   	1.12
54281  	3.5
54286  	3.7
543    	3.32
5433   	2.67
5434   	3.8
5435   	3.0
54354  	4.0
5437   	3.0
54372  	3.83
5438   	2.75
544    	2.44
5440   	3.0
5442   	2.0
5443   	1.5
5444   	3.81
5445   	3.64
5446   	3.64
5447   	3.5
5448   	2.0
5449   	2.91
5450   	3.2
54503  	3.86
5451   	3.0
5452   	1.58
5454   	2.25
5455   	1.5
5456   	2.0
5458   	2.5
5459   	2.96
546    	2.0
5460   	3.67
5461   	2.5
54617  	3.5
5462   	2.5
5463   	2.72
5464   	3.52
54648  	2.7
5465   	3.0
5466   	4.0
5468   	5.0
54686  	3.0
547    	3.25
5470   	4.33
5471   	1.83
5472   	3.5
54732  	2.83
54734  	2.5
54736  	3.81
54745  	3.25
5475   	3.83
5476   	2.0
54768  	0.5
5477   	3.88
54771  	3.0
5478   	2.75
54780  	3.17
54785  	3.25
54787  	3.5
5479   	3.5
54796  	3.5
548    	2.75
5480   	2.6
5481   	2.85
5483   	3.83
5485   	3.33
5486   	2.5
54881  	3.92
5489   	4.0
549    	4.5
5490   	5.0
54908  	2.0
54910  	4.0
5493   	4.0
54934  	0.5
54962  	2.5
5497   	3.5
5498   	4.5
5499   	3.25
54995  	3.8
54997  	4.06
54999  	3.46
55     	4.0
550    	3.4
5500   	4.2
5501   	1.86
5502   	3.17
55020  	4.5
5503   	4.0
55036  	2.5
5504   	2.21
5505   	3.21
55052  	3.54
5506   	3.33
55061  	1.0
55067  	3.5
55069  	4.0
5507   	2.77
55071  	4.0
5508   	3.57
55080  	3.25
55094  	3.5
551    	3.55
55110  	3.0
55112  	4.0
55116  	2.67
55118  	4.03
5512   	3.25
5513   	5.0
5515   	3.5
55156  	4.0
55167  	4.62
55190  	3.0
552    	3.26
55205  	2.5
55207  	3.0
5521   	3.25
5522   	3.5
5523   	2.33
55232  	2.95
5524   	2.69
55241  	2.67
55245  	3.25
55247  	3.9
5525   	3.5
55250  	2.67
55253  	3.75
55259  	1.0
55261  	2.5
55267  	3.39
55269  	3.43
5527   	3.5
55272  	3.75
55274  	2.75
55276  	3.91
55278  	4.25
5528   	3.47
55280  	3.56
55282  	3.18
5529   	3.25
55290  	3.45
55292  	0.75
55294  	2.5
553    	3.82
5530   	2.14
5531   	2.75
5532   	4.0
55363  	4.1
5537   	5.0
5538   	1.5
5539   	1.5
55391  	4.5
5540   	3.61
5541   	3.13
5543   	2.25
5544   	3.75
55442  	4.18
55444  	4.17
55451  	3.5
5548   	3.0
55492  	4.0
555    	3.8
5550   	3.5
5553   	3.0
55553  	2.33
55555  	3.5
5556   	1.5
55577  	3.2
556    	3.33
5560   	1.0
5562   	2.5
55620  	3.25
5563   	2.83
5564   	2.0
5568   	2.86
55687  	4.5
5569   	3.25
5570   	3.9
5572   	2.71
55721  	4.3
55729  	3.0
5573   	2.29
5574   	3.52
5575   	2.0
55765  	3.91
55768  	3.15
5577   	3.67
558    	2.94
5580   	3.5
55805  	3.0
5581   	2.0
55814  	4.1
5582   	2.69
55820  	3.9
55830  	3.4
5584   	3.5
55844  	3.5
5585   	2.08
55854  	3.0
55872  	3.5
5588   	3.5
5589   	3.0
5590   	2.5
55908  	4.19
5591   	1.0
55946  	4.0
5596   	1.5
5597   	1.75
55995  	2.56
56003  	3.0
5601   	4.0
56012  	2.75
5602   	3.5
56022  	2.0
5603   	4.5
5604   	3.5
56060  	4.5
5607   	5.0
5608   	3.86
5609   	2.5
5610   	2.0
5611   	2.75
5612   	2.0
5613   	3.83
5614   	4.5
56145  	3.43
5615   	3.5
56152  	3.68
56156  	3.29
56169  	4.0
5617   	3.9
56171  	3.11
56174  	3.48
56176  	1.5
5618   	4.16
5619   	4.0
562    	3.54
5620   	3.05
5621   	2.5
5625   	3.5
56251  	3.9
56274  	3.0
5628   	3.5
56286  	3.5
5629   	2.0
563    	4.0
5630   	3.44
5632   	3.6
5633   	3.75
56333  	3.5
56336  	3.0
56339  	3.88
5635   	3.0
5636   	2.5
56367  	3.77
5637   	4.5
56379  	3.0
5638   	2.0
56389  	4.0
564    	1.5
5640   	3.0
5643   	3.5
5644   	3.5
5646   	4.0
5649   	3.0
5650   	3.55
5651   	3.0
56563  	3.25
5657   	4.5
56587  	3.23
56607  	3.33
56620  	3.0
5663   	3.5
5664   	1.5
5665   	2.5
5666   	3.6
5667   	3.25
5668   	2.5
5669   	3.78
567    	2.0
5670   	3.0
56715  	4.0
5672   	0.5
5673   	3.62
5675   	1.0
56757  	3.72
56775  	3.04
5678   	2.67
56782  	4.14
56788  	3.38
5679   	3.2
568    	3.5
5680   	3.17
56801  	2.58
56805  	3.3
5682   	3.25
56837  	3.0
5684   	3.0
5685   	4.25
56869  	4.0
5688   	2.75
5689   	2.0
569    	2.67
5690   	4.16
56908  	4.0
56915  	4.0
56921  	3.8
5693   	3.32
5694   	2.25
56941  	3.09
56949  	3.3
5696   	2.33
5699   	4.0
57     	3.06
5700   	0.5
5704   	2.0
5706   	2.0
5707   	3.25
5710   	2.75
5712   	3.62
57147  	4.0
57183  	4.5
5720   	2.5
5723   	5.0
57243  	3.5
57274  	4.06
573    	3.5
57326  	0.5
5733   	4.0
5735   	1.75
5736   	1.5
57368  	3.35
574    	3.25
5741   	4.0
5742   	4.0
57421  	4.0
5745   	5.0
5746   	5.0
5747   	4.29
5749   	3.0
57499  	3.0
575    	2.66
57502  	4.0
57504  	4.1
5752   	3.0
57522  	3.5
57526  	3.0
57528  	3.28
57532  	2.5
57536  	3.25
5755   	2.0
57637  	3.5
5764   	4.5
57640  	3.81
57669  	4.16
5767   	3.5
5768   	3.0
577    	2.12
5771   	0.5
5772   	4.75
5773   	3.0
57772  	3.75
5779   	2.0
5780   	3.0
5782   	3.87
5784   	2.5
57843  	4.5
5785   	3.5
5786   	4.5
5787   	2.5
5788   	3.67
579    	3.0
5791   	3.78
57910  	2.0
5792   	3.67
57951  	2.33
5796   	2.5
5797   	2.0
5799   	3.5
58     	4.03
580    	2.8
5801   	2.5
5802   	4.0
58025  	3.0
5803   	2.5
5804   	2.3
58047  	3.43
58078  	3.0
5809   	3.38
581    	4.0
5810   	3.29
58103  	3.42
58105  	3.4
58107  	3.25
5812   	3.86
58154  	3.79
58156  	2.9
5816   	3.6
58162  	3.0
5817   	4.5
5818   	4.5
58191  	4.0
5820   	3.5
5826   	3.5
5828   	2.5
58287  	1.0
5829   	4.0
58291  	4.5
58293  	2.71
58295  	3.62
58297  	4.0
58299  	3.44
583    	4.0
58301  	4.38
58303  	3.33
58306  	2.5
58309  	4.5
58315  	2.12
5833   	4.67
58332  	2.83
58347  	3.5
58351  	4.0
5836   	2.0
58376  	3.75
5838   	4.0
5839   	4.0
5840   	4.0
58404  	2.75
5841   	1.67
58425  	4.17
5843   	2.5
5847   	3.5
5849   	4.5
58492  	3.0
585    	2.74
5853   	3.25
58554  	3.5
58559  	4.24
5856   	4.0
586    	3.0
58627  	3.5
5863   	1.0
58655  	3.5
5867   	4.5
587    	3.43
5872   	2.93
5873   	3.88
5874   	2.4
5875   	2.5
5876   	3.9
5878   	4.04
58783  	2.5
5879   	1.5
588    	3.79
5880   	1.75
58803  	3.75
58806  	2.75
5881   	3.08
5882   	3.56
58826  	2.5
5883   	1.5
58839  	2.38
5884   	1.0
58842  	4.5
58870  	3.5
58876  	3.25
58879  	3.5
5888   	5.0
5889   	5.0
589    	3.97
5890   	4.5
5891   	2.62
5893   	3.25
5896   	4.0
58964  	4.0
58972  	3.0
58975  	3.5
5899   	4.0
58998  	3.77
590    	3.84
5900   	2.56
5901   	4.5
59014  	2.0
59016  	2.5
59018  	4.5
5902   	3.95
59022  	3.31
59026  	4.0
5903   	3.88
59037  	3.17
5909   	3.3
59103  	3.83
59118  	3.5
5912   	4.5
59126  	3.8
59129  	2.0
59131  	3.5
59141  	4.67
59143  	4.25
5915   	4.75
5919   	4.5
592    	3.43
5922   	2.5
59220  	3.5
5925   	2.0
59258  	3.14
5927   	3.0
5929   	3.0
59295  	1.0
593    	4.16
59306  	0.75
59315  	3.82
5932   	3.75
59333  	2.88
59336  	3.0
59369  	3.62
5938   	4.5
59387  	3.95
594    	3.62
5941   	2.92
5942   	2.83
59421  	2.75
59429  	2.75
5943   	2.61
5944   	3.11
59440  	3.5
5945   	3.17
5947   	3.0
5949   	4.25
595    	3.77
59501  	3.54
5951   	3.25
5952   	4.02
5953   	4.0
5954   	3.84
59549  	4.0
5955   	3.56
5956   	3.52
5957   	3.26
5959   	3.28
596    	3.45
59604  	3.75
5961   	1.5
59615  	2.83
5962   	1.0
5963   	3.5
5965   	4.17
59667  	4.0
5968   	4.0
5969   	2.5
597    	3.49
5970   	3.2
5971   	3.96
59725  	2.41
59727  	3.17
59731  	3.5
59738  	3.0
5974   	3.0
5975   	3.5
59784  	3.44
5979   	3.0
5980   	3.5
59810  	3.5
59814  	5.0
5984   	3.5
5986   	4.0
5988   	2.62
5989   	3.92
599    	3.82
5990   	3.5
59900  	2.87
5991   	3.72
59915  	3.5
5992   	3.7
5993   	2.9
5994   	4.0
59947  	2.0
5995   	4.11
59985  	4.0
5999   	2.25
59995  	4.0
6      	3.95
60     	3.24
600    	4.0
6001   	4.07
6002   	3.33
6003   	3.6
60030  	4.5
60037  	3.0
60040  	3.17
60046  	3.5
6005   	3.0
6006   	2.75
60069  	4.06
60072  	3.16
60074  	3.03
6009   	3.0
6012   	2.5
60126  	3.47
60128  	2.25
6013   	1.75
6014   	2.5
60141  	2.5
6016   	4.15
60161  	3.5
602    	4.0
6020   	3.5
6021   	5.0
6022   	2.5
6023   	3.5
6025   	2.9
6027   	4.17
60289  	3.0
60291  	3.75
60293  	4.0
6030   	2.0
60303  	4.0
6031   	3.5
6033   	3.0
60333  	4.5
6035   	3.25
6036   	3.0
60363  	0.5
60365  	1.5
60389  	4.0
6039   	2.38
60397  	2.96
6040   	2.12
60408  	4.5
6041   	3.83
6042   	3.0
6044   	2.0
60471  	3.5
60487  	3.8
6049   	4.0
605    	3.0
6051   	4.17
60514  	2.5
60516  	3.5
60522  	2.25
60538  	3.5
6055   	2.25
6057   	2.0
6058   	3.05
6059   	3.35
606    	3.0
6060   	3.0
6062   	3.08
6063   	3.33
6064   	4.0
60647  	2.5
6067   	4.0
60674  	2.5
60684  	3.99
6070   	4.0
60735  	2.5
60737  	5.0
60753  	3.5
60756  	3.55
60760  	2.88
60766  	3.69
6078   	2.75
608    	4.12
60803  	2.5
60818  	4.0
60832  	4.0
60857  	3.0
6086   	5.0
60885  	3.5
60894  	3.0
609    	3.57
6090   	3.5
60904  	4.0
6093   	3.38
60937  	2.64
60941  	2.88
60943  	4.5
6095   	3.5
60950  	3.09
60979  	3.5
61     	3.75
610    	3.55
6100   	4.0
6101   	4.0
61011  	2.0
61024  	3.68
61026  	4.0
6104   	4.17
6107   	4.0
61071  	2.5
61073  	2.0
611    	2.42
6111   	3.5
61123  	2.0
61132  	3.5
6116   	2.5
61160  	2.36
61167  	4.0
6119   	4.0
612    	2.5
61210  	3.5
6122   	4.0
6123   	4.0
61236  	3.0
6124   	2.75
61240  	3.91
61246  	2.0
61248  	3.22
6125   	3.5
61250  	2.5
61255  	2.75
61257  	4.0
61262  	1.5
61289  	3.33
613    	3.19
61319  	3.5
61323  	3.49
61348  	0.83
61350  	2.33
61352  	3.38
61394  	4.0
6140   	2.25
61401  	2.5
61406  	4.0
6141   	3.0
6143   	3.0
6145   	2.0
61465  	3.25
6148   	2.83
615    	3.0
6153   	1.5
6155   	3.28
6156   	3.21
6157   	2.5
6158   	3.0
6159   	4.25
616    	3.41
6162   	3.17
61628  	2.0
6163   	4.5
6166   	1.81
6169   	2.5
61692  	3.0
61697  	3.0
617    	2.83
6170   	3.5
61705  	3.0
61729  	2.0
6178   	4.0
618    	3.0
6181   	4.0
61818  	0.5
6182   	3.0
6183   	3.83
6184   	4.25
6185   	3.0
6186   	3.0
6187   	3.81
6188   	3.51
619    	2.6
6192   	5.0
6193   	3.83
6195   	4.0
6196   	3.5
6197   	3.33
61986  	3.0
62     	3.71
62008  	3.0
6201   	5.0
6202   	3.5
6203   	1.5
6204   	2.5
62081  	3.06
6210   	3.0
62113  	2.83
6212   	1.92
6213   	2.64
6214   	3.89
6215   	3.0
62155  	3.35
6216   	3.75
6217   	3.0
6218   	3.3
6219   	3.0
6220   	2.5
62208  	4.5
6222   	3.0
6223   	3.25
6225   	3.0
62250  	3.7
6228   	4.0
62293  	3.5
62299  	3.5
6232   	4.0
62336  	4.28
6234   	3.5
62344  	2.75
6235   	4.33
6237   	4.0
62374  	3.77
62376  	2.83
6238   	2.83
62383  	3.75
6239   	2.75
62394  	2.17
6241   	4.0
6242   	3.45
62434  	3.52
62437  	2.5
62439  	4.0
6244   	3.5
6245   	3.5
6246   	4.0
6249   	2.38
6250   	2.64
6251   	2.0
62511  	3.12
6252   	2.38
6254   	4.75
62553  	4.0
62586  	2.0
626    	5.0
6263   	3.75
6264   	2.38
62644  	3.57
6265   	2.25
6266   	3.06
62662  	3.0
6267   	2.0
6268   	3.75
6269   	4.25
627    	3.33
6270   	4.33
6271   	2.0
62718  	2.5
6273   	3.5
6279   	4.0
62792  	3.0
62799  	3.0
628    	3.64
6280   	2.25
6281   	3.14
6283   	3.9
62834  	4.0
62836  	4.0
62849  	3.77
6285   	4.0
6286   	3.88
6287   	3.06
6288   	3.88
6289   	3.5
6290   	2.71
6291   	3.5
6294   	2.41
6295   	2.0
62956  	3.44
6296   	3.75
6297   	3.42
62970  	2.25
6298   	2.67
6299   	3.5
62999  	3.69
63     	2.71
6300   	4.5
6301   	4.0
6302   	1.0
6303   	3.62
63033  	3.5
6305   	3.6
6306   	4.17
63062  	3.44
63072  	3.89
6308   	2.62
63082  	3.81
631    	3.18
6310   	2.5
63113  	3.46
6313   	2.5
63131  	3.62
6314   	2.0
6315   	1.83
6316   	2.0
63179  	3.5
6319   	2.17
632    	4.0
6320   	1.5
6322   	2.83
63222  	3.25
6323   	3.68
63239  	3.0
6324   	2.5
6327   	3.5
63276  	4.0
6329   	3.0
633    	5.0
6330   	3.0
6331   	3.92
63312  	2.0
6332   	3.0
6333   	3.72
6334   	3.5
6335   	3.83
6336   	3.0
6337   	3.5
6338   	2.33
6339   	3.88
63393  	1.0
634    	2.25
6341   	3.25
6342   	2.0
63433  	3.5
63436  	3.17
6344   	3.5
6345   	4.67
6347   	1.0
63479  	3.62
6348   	1.67
6349   	2.0
635    	3.0
6350   	4.06
63515  	4.0
63540  	2.12
6357   	3.0
6358   	3.5
636    	3.0
6365   	3.35
6367   	2.9
6368   	4.0
637    	3.05
6370   	4.0
6371   	0.5
6373   	3.32
6374   	2.17
6375   	4.0
6376   	3.5
63768  	3.0
6377   	3.96
6378   	3.62
6379   	3.0
638    	3.0
6380   	3.93
63808  	2.75
6382   	3.0
63826  	4.0
6383   	2.61
6385   	3.75
63853  	3.2
63859  	3.39
6386   	4.0
6387   	3.67
63876  	3.55
639    	3.0
6390   	3.5
6395   	3.5
63992  	2.41
64     	2.2
640    	2.68
6400   	3.5
64010  	3.5
6402   	5.0
64030  	2.67
64032  	2.83
64034  	3.42
6405   	3.25
6407   	2.0
6408   	5.0
6410   	3.75
64114  	1.0
64116  	3.5
6412   	3.75
6415   	4.0
64167  	3.33
6417   	4.0
64197  	4.75
6422   	4.0
64231  	3.0
6424   	1.0
64249  	2.5
6425   	1.5
6427   	4.0
64278  	3.5
6428   	3.0
64285  	3.7
6429   	4.0
6433   	3.33
6434   	3.0
6436   	3.33
6440   	4.04
6442   	5.0
6448   	4.0
6449   	3.0
64497  	2.79
64499  	5.0
645    	3.5
64501  	5.0
6452   	4.0
6453   	3.5
6454   	3.5
64575  	3.36
6460   	4.9
6461   	3.83
64614  	3.95
64620  	3.94
64622  	3.21
6464   	2.0
6465   	3.0
6466   	3.5
64695  	4.0
647    	3.33
64716  	4.14
6476   	3.0
6477   	3.0
648    	3.54
6480   	3.0
6482   	1.95
6483   	0.83
64839  	3.74
6484   	2.93
649    	3.0
6493   	2.0
64957  	3.59
64969  	3.62
64983  	3.41
64993  	3.5
64997  	3.0
65     	2.53
650    	3.0
6502   	3.97
6503   	2.37
65037  	3.5
6506   	3.5
65088  	3.36
6509   	4.0
6510   	3.0
65126  	3.5
65130  	3.7
65133  	3.5
65135  	3.0
6514   	0.5
6515   	4.5
6516   	3.5
6517   	2.25
65188  	3.88
65193  	3.0
65216  	3.93
65225  	4.5
6523   	2.5
65230  	3.14
65261  	4.0
6527   	3.0
6528   	2.0
653    	3.09
6530   	4.25
6533   	4.5
6534   	2.56
6535   	2.41
65350  	0.5
65359  	3.0
6536   	3.67
6537   	3.04
6538   	3.6
6539   	3.78
6541   	2.62
6542   	3.5
6545   	4.5
6547   	2.25
6548   	2.88
6549   	3.5
6550   	2.96
6551   	4.0
65514  	3.95
6552   	3.62
6553   	4.0
6554   	1.25
6557   	0.5
65577  	3.0
6558   	2.33
65585  	3.5
65588  	2.5
6559   	2.5
65596  	4.0
656    	3.0
6560   	2.0
65601  	2.0
6561   	3.0
6563   	2.5
65631  	4.0
6564   	2.65
65642  	4.25
6565   	3.69
65651  	2.0
6566   	2.0
6567   	3.5
6568   	3.25
65682  	3.64
65685  	3.5
6571   	4.0
6572   	3.5
6573   	4.0
65738  	4.0
6574   	1.0
65740  	4.0
6577   	3.5
6578   	3.5
6579   	4.0
65802  	2.71
6581   	2.5
65810  	3.0
6582   	2.33
6583   	4.0
6584   	3.17
6586   	3.09
6587   	1.5
6588   	4.0
65882  	3.5
6591   	4.33
6592   	4.0
6593   	3.21
6595   	3.32
6596   	3.5
6597   	3.0
6598   	3.5
65982  	3.33
66     	2.5
6603   	2.5
6604   	4.0
6609   	3.5
66090  	4.0
66097  	3.7
45880  	3.19
4589   	2.0
459    	2.25
4591   	3.0
45928  	3.7
4593   	2.25
4594   	3.0
4595   	3.5
45950  	3.58
45969  	2.5
4597   	2.0
4599   	2.5
46     	3.07
460    	2.67
4600   	3.25
4602   	3.0
4603   	2.5
4605   	3.62
46062  	2.0
4608   	2.25
461    	2.75
4610   	2.0
46105  	4.5
4611   	4.0
4612   	4.5
4613   	2.0
4614   	2.5
4615   	4.0
4616   	3.5
4617   	3.5
4619   	2.25
4621   	2.39
4622   	2.5
4623   	3.58
46231  	2.0
4624   	3.0
4625   	2.0
4626   	3.5
4628   	3.12
4629   	1.75
4630   	1.0
4632   	3.0
46322  	3.12
46335  	2.09
46337  	2.25
4634   	4.0
46347  	4.0
4635   	1.0
4636   	2.33
46367  	2.0
4638   	2.85
4639   	2.58
464    	2.9
4640   	3.75
4641   	3.5
4642   	4.18
4643   	2.74
4644   	3.67
4645   	4.5
4646   	1.5
4649   	3.64
4653   	3.0
46530  	3.08
4654   	2.79
46559  	3.5
46572  	3.5
46574  	2.5
46578  	3.88
4658   	3.5
466    	2.87
4660   	4.0
4661   	3.0
4662   	3.17
4663   	2.83
4666   	3.0
46664  	2.5
467    	5.0
4670   	2.5
4671   	3.5
4672   	2.75
46723  	3.5
4673   	1.67
4675   	1.0
4676   	1.92
4677   	3.04
46772  	2.5
4678   	3.44
4679   	2.88
468    	3.2
4681   	3.64
4683   	3.25
46850  	4.0
46855  	4.5
4686   	1.62
46862  	3.5
46865  	1.0
4687   	3.5
4688   	3.33
4689   	3.5
469    	3.4
4690   	3.25
46948  	3.11
4695   	4.0
46965  	2.64
46967  	3.38
4697   	2.62
46970  	3.25
46972  	3.24
46974  	2.67
46976  	3.69
4699   	2.75
47     	3.98
470    	1.0
4700   	3.04
4701   	3.37
4703   	3.38
4704   	3.0
47044  	2.75
4705   	3.0
4708   	4.5
4709   	2.83
47099  	3.79
471    	3.55
4710   	3.5
4711   	4.0
47122  	2.72
47124  	3.25
4713   	3.57
4714   	2.0
4715   	3.0
4717   	4.0
4718   	3.07
4719   	2.62
472    	2.58
4720   	3.63
47200  	3.43
47202  	4.0
4721   	2.12
4722   	3.0
4723   	1.83
4725   	3.62
47254  	3.5
47261  	2.83
4727   	3.12
4728   	3.06
473    	1.86
4732   	1.89
4733   	2.5
4734   	3.16
4735   	2.6
4736   	2.67
4738   	4.0
47382  	3.5
47384  	2.5
474    	3.69
4740   	3.5
47404  	4.25
4741   	3.71
47423  	4.0
4743   	3.25
4744   	2.5
47446  	3.5
4745   	3.62
47465  	3.0
4748   	2.08
4749   	1.25
47491  	4.17
475    	4.3
4750   	0.5
47516  	2.0
47518  	2.93
47538  	2.5
4754   	3.92
4756   	1.5
47566  	4.0
4757   	2.5
4759   	4.0
476    	1.0
47610  	3.78
47629  	3.73
47640  	3.5
47644  	3.0
47646  	4.0
4765   	4.33
4766   	4.0
4769   	3.0
477    	3.38
4770   	2.75
4771   	2.67
4772   	3.5
47721  	3.5
47725  	3.5
4773   	3.0
47736  	5.0
4774   	2.17
4775   	0.5
4776   	3.79
4777   	2.5
47774  	3.0
47793  	2.5
478    	2.5
4780   	2.0
47810  	1.0
4782   	2.5
4783   	3.5
4784   	3.0
4785   	4.0
4786   	1.0
4787   	3.35
4788   	5.0
4789   	4.33
47894  	3.75
479    	2.25
4792   	3.12
47937  	3.0
4794   	3.0
4795   	3.67
47950  	3.2
47952  	3.0
4796   	3.25
47970  	3.83
47978  	2.5
4798   	3.5
4799   	3.25
47997  	3.72
47999  	4.07
48     	3.15
480    	3.75
4800   	2.5
48001  	4.0
4801   	4.0
4802   	3.0
4803   	3.62
48032  	4.0
4804   	3.5
48043  	3.5
48045  	4.0
4808   	2.38
48082  	3.86
4809   	4.17
481    	3.16
4810   	2.0
4811   	3.0
4812   	2.17
4813   	5.0
4814   	2.5
48142  	3.25
4815   	2.92
48150  	3.0
4816   	3.51
48161  	3.0
4818   	2.0
482    	3.62
4821   	3.1
48214  	3.5
4822   	2.5
4823   	3.14
4825   	3.0
4826   	4.25
48262  	4.0
4827   	3.0
4828   	3.5
4830   	4.0
48304  	3.61
4831   	3.0
48319  	2.0
48322  	3.57
48326  	3.0
4833   	3.33
48342  	4.0
4835   	3.5
4836   	3.75
48385  	3.35
48394  	3.81
484    	3.0
4840   	4.0
48412  	3.0
48414  	3.0
48416  	2.5
4844   	2.67
4845   	1.33
4846   	3.5
4847   	3.0
4848   	3.84
4849   	3.33
485    	2.93
4850   	3.38
48516  	4.25
48518  	2.5
4852   	1.67
48520  	2.83
4855   	3.77
48560  	2.5
4857   	3.81
48593  	2.5
48596  	2.75
48598  	3.75
486    	3.0
4860   	2.0
4862   	1.67
4863   	3.25
48638  	3.5
4864   	2.5
48649  	4.5
4865   	3.65
4866   	2.81
4867   	3.1
48678  	2.75
48696  	3.88
48698  	4.5
487    	2.5
4871   	3.5
4873   	3.68
48738  	3.98
4874   	3.48
48741  	4.0
48744  	4.0
4876   	2.46
4877   	3.5
48774  	3.95
4878   	3.98
48780  	4.01
48783  	3.45
4879   	3.0
488    	3.0
4880   	3.89
4881   	3.74
4883   	4.0
4885   	2.0
4886   	3.87
4887   	2.75
48872  	4.5
48877  	3.05
48879  	3.25
4888   	3.88
48883  	3.25
4889   	3.43
489    	2.86
4890   	3.03
4893   	2.5
4896   	3.76
4898   	2.62
48982  	3.5
4899   	2.19
48997  	3.25
49     	3.0
490    	3.0
4900   	3.0
4901   	3.48
49013  	2.75
4902   	3.35
4903   	3.0
4909   	2.0
491    	3.29
4911   	3.5
49110  	2.0
4912   	3.75
49130  	3.67
49132  	3.0
4914   	3.94
4915   	2.8
4916   	3.33
4917   	4.0
4919   	3.5
492    	3.75
4920   	3.67
4921   	4.0
49220  	2.38
4925   	3.0
4926   	2.0
49263  	3.0
49265  	4.0
4927   	3.0
49272  	3.94
49274  	2.68
49276  	1.33
49278  	3.3
4928   	3.12
49280  	3.83
49284  	2.67
49286  	3.21
4929   	2.38
493    	3.67
49314  	3.0
4932   	1.0
49347  	3.83
4936   	3.33
49389  	2.5
4939   	3.0
49396  	3.44
494    	3.38
4941   	3.19
4942   	4.5
4945   	4.0
4946   	4.0
4947   	3.5
495    	5.0
4951   	3.43
4952   	2.0
49524  	3.5
4953   	2.5
49530  	3.76
4954   	3.64
4956   	4.5
4957   	3.5
4958   	3.25
4959   	3.25
496    	5.0
4961   	2.5
4962   	2.0
4963   	3.84
4964   	3.5
49647  	3.33
49649  	2.33
4965   	3.5
49651  	3.32
4966   	3.0
49666  	3.0
4967   	4.19
49688  	4.0
4969   	3.62
497    	3.81
4970   	4.0
4971   	3.1
4973   	4.18
49735  	3.5
4974   	2.57
4975   	3.42
4976   	3.88
4977   	3.5
49772  	4.0
4978   	3.83
4979   	3.68
49793  	3.75
4980   	3.08
4981   	4.0
49822  	3.14
49824  	3.1
4985   	1.5
4987   	2.0
4988   	2.0
4989   	2.94
499    	2.5
4990   	3.2
4991   	3.33
49910  	3.75
49917  	4.0
4992   	3.21
4993   	4.11
49932  	3.67
4994   	3.5
4995   	4.0
49957  	3.0
49961  	3.75
4998   	3.5
5      	3.07
50     	4.24
500    	3.39
50003  	2.0
50005  	2.5
5004   	3.5
50064  	3.0
50068  	3.71
5007   	2.5
5008   	4.39
5009   	3.0
501    	3.67
5010   	3.81
5011   	3.75
5012   	4.0
5013   	3.7
3073   	5.0
3074   	4.25
30745  	4.75
30749  	3.79
3075   	4.17
3076   	3.62
3077   	4.0
3078   	4.0
3079   	3.08
30793  	3.0
308    	4.03
30803  	4.5
3081   	3.48
30810  	3.49
30812  	3.53
30816  	3.17
30818  	2.0
3082   	3.33
30820  	3.83
30822  	3.45
30825  	3.11
3083   	4.16
30846  	3.5
30848  	3.17
30850  	3.75
3086   	5.0
3087   	3.17
3088   	3.83
30883  	1.5
3089   	4.12
30890  	3.0
30894  	2.5
30898  	3.17
3090   	4.17
3091   	4.12
3093   	3.75
3094   	4.0
3095   	4.11
3096   	5.0
3097   	3.67
3098   	3.65
3099   	3.07
30994  	4.0
31     	3.18
310    	3.0
3100   	3.93
31000  	2.5
3101   	3.1
3102   	3.57
3103   	2.75
31030  	4.0
31038  	4.0
3104   	3.64
31049  	2.5
3105   	3.68
3106   	1.0
3107   	3.3
3108   	3.81
31083  	2.0
31086  	3.5
3109   	3.5
311    	3.0
31101  	3.5
3111   	4.25
31114  	3.0
31116  	3.83
3112   	3.0
31123  	2.5
3113   	2.7
3114   	3.86
3115   	4.0
31150  	2.0
31162  	3.0
3117   	3.88
31184  	3.83
31193  	3.5
312    	1.44
3120   	3.5
31221  	2.05
31223  	2.0
31225  	3.07
3125   	4.0
31260  	3.5
3127   	2.83
3129   	3.67
31297  	3.5
313    	3.33
3130   	2.4
31309  	3.5
3132   	2.0
3134   	3.71
3135   	3.67
31364  	4.7
31367  	2.0
3138   	3.0
314    	3.75
3141   	1.25
31410  	3.88
3142   	3.25
31420  	3.19
31422  	0.5
31424  	0.5
31427  	2.33
3143   	3.0
31431  	2.0
31433  	3.14
31435  	4.5
31437  	4.25
31445  	2.25
3145   	3.17
3146   	2.32
3147   	4.15
3148   	3.75
315    	3.08
3150   	3.25
3152   	4.5
31522  	5.0
3153   	4.4
31545  	4.0
3155   	3.67
31553  	1.0
3156   	2.8
3157   	2.84
3158   	3.67
3159   	3.83
31590  	3.0
316    	3.38
3160   	3.71
3161   	3.0
31610  	4.0
31617  	3.0
3162   	3.0
3163   	3.88
3165   	3.0
31658  	4.08
31660  	3.0
31664  	3.5
3167   	3.5
3168   	3.6
31685  	3.17
3169   	3.3
31692  	0.5
31694  	3.25
31696  	3.47
31698  	1.0
317    	3.2
31700  	3.17
31702  	4.0
3171   	4.0
3173   	3.0
31737  	3.5
3174   	3.49
3175   	3.58
3176   	3.34
3177   	3.25
3178   	3.53
3179   	3.33
318    	4.43
31804  	3.25
3181   	3.92
3182   	4.0
3183   	3.0
3185   	3.33
31851  	3.0
3186   	3.46
31867  	3.0
31878  	3.58
3189   	3.55
319    	3.6
3190   	2.0
31903  	4.0
31909  	4.0
3192   	3.0
31921  	2.5
31923  	4.0
31925  	4.0
3194   	3.62
31952  	3.5
3196   	3.72
3197   	2.86
31973  	3.5
3198   	3.93
32     	3.98
320    	3.0
3200   	4.25
32009  	2.67
3201   	4.5
32011  	2.17
32017  	2.71
32019  	2.44
32022  	3.67
32029  	3.05
3203   	3.17
32031  	3.03
3204   	3.69
32058  	2.0
3206   	2.33
32060  	3.0
3208   	2.19
321    	4.0
3210   	3.48
3211   	3.75
32116  	2.5
3213   	4.12
32139  	4.0
3214   	3.5
3217   	3.5
32179  	4.0
3219   	3.19
322    	3.55
3221   	3.7
32213  	2.67
3223   	3.0
32234  	4.0
3224   	4.75
32243  	3.5
3225   	2.0
32289  	3.38
32291  	3.1
32294  	3.5
32296  	2.25
32298  	2.33
3230   	3.88
32300  	2.83
32302  	4.0
32314  	3.5
3235   	3.67
3238   	1.58
32387  	4.25
32392  	2.5
324    	4.0
3240   	3.25
3241   	4.5
3243   	2.4
3244   	3.71
32440  	2.0
32442  	2.5
32456  	4.25
3246   	4.17
32460  	4.25
32469  	4.5
3247   	3.03
3248   	1.89
3249   	3.11
325    	2.5
3250   	3.17
3251   	3.7
32511  	4.5
32515  	2.5
3252   	3.59
3253   	3.48
3254   	3.3
3255   	3.47
32554  	3.83
3256   	3.52
3257   	2.86
3258   	2.87
32582  	4.75
32584  	3.12
32587  	3.86
32589  	2.0
3259   	3.14
32596  	3.07
32598  	2.94
326    	4.0
3260   	4.0
32600  	3.5
3261   	3.18
3262   	3.41
32620  	3.5
3263   	3.05
32632  	3.5
3264   	2.42
32649  	4.0
3265   	4.0
32657  	4.25
32659  	2.5
3266   	4.5
32666  	1.0
3267   	3.56
3268   	1.77
3269   	2.85
327    	2.82
3270   	2.79
3271   	3.68
3272   	3.44
32728  	4.0
3273   	2.67
3274   	3.38
32743  	3.0
3275   	4.22
3276   	1.0
32770  	4.25
32799  	3.5
328    	3.15
3280   	1.5
3281   	2.0
3283   	3.25
3284   	3.0
3285   	3.06
3286   	2.3
32862  	4.0
3287   	3.17
32875  	3.0
3289   	4.5
32892  	2.75
32898  	3.5
329    	3.39
32906  	3.5
32914  	3.0
32917  	4.0
3294   	1.5
3295   	4.0
3296   	4.07
3298   	3.71
3299   	2.67
330    	3.0
3300   	3.56
33004  	3.42
3301   	3.52
3302   	4.75
3303   	5.0
3306   	4.12
3307   	3.85
3308   	2.86
33085  	2.25
33090  	4.0
331    	3.0
3310   	4.1
33124  	3.5
33126  	2.5
3313   	1.5
33132  	1.5
33138  	5.0
33145  	3.0
33148  	2.5
3315   	4.5
33154  	4.0
33158  	2.0
3316   	2.46
33162  	3.5
33164  	1.83
33166  	3.89
3317   	3.66
33171  	2.0
33188  	2.5
332    	2.83
33201  	4.5
3323   	4.0
33237  	4.0
3324   	1.33
3325   	2.17
3326   	3.17
3327   	3.7
3328   	4.05
3329   	4.0
33294  	2.5
333    	3.78
3330   	4.25
3331   	2.0
33310  	4.5
33312  	3.5
3334   	4.2
334    	4.2
3341   	4.29
3342   	3.5
33421  	3.67
33435  	3.5
33437  	3.44
3344   	4.0
3345   	3.0
3347   	4.17
33493  	3.43
33495  	2.64
33499  	2.5
335    	3.5
3350   	3.83
3353   	4.5
3354   	2.69
3355   	3.2
33558  	3.0
33564  	4.5
3357   	4.0
3358   	3.85
3359   	4.09
336    	3.0
3360   	3.7
3361   	3.67
33615  	3.38
3362   	3.93
33629  	2.5
3363   	3.85
33639  	3.33
3364   	3.67
33644  	2.5
33646  	3.11
33649  	5.0
3365   	4.07
33660  	4.09
33669  	3.07
33672  	3.0
33677  	3.5
33679  	3.28
3368   	3.25
33681  	1.75
33683  	3.75
337    	3.77
3370   	2.5
3372   	4.0
33725  	3.17
3374   	4.0
33779  	4.5
3378   	4.0
33781  	3.0
3379   	4.5
33794  	3.86
338    	2.84
33801  	3.0
33815  	3.0
33826  	2.5
33830  	3.17
112175 	3.77
112183 	3.35
112290 	3.82
1123   	4.25
112303 	1.5
112316 	2.5
112326 	1.0
112334 	4.5
112370 	1.88
1124   	3.65
112421 	4.33
112450 	2.0
112454 	3.5
112460 	2.25
112497 	2.0
1125   	3.69
112512 	5.0
112515 	4.5
112552 	4.04
112556 	3.72
112580 	4.0
1126   	2.83
112623 	3.43
1127   	3.48
112727 	3.0
112749 	2.0
112788 	2.6
1128   	2.5
112804 	3.83
112818 	3.3
112852 	4.05
112868 	4.5
112897 	3.5
1129   	3.45
112911 	2.0
112940 	4.5
113    	3.33
1130   	2.9
1131   	4.09
113159 	3.5
113186 	3.0
1132   	4.06
113207 	3.5
113225 	3.0
113252 	4.25
113275 	4.5
113278 	3.0
113280 	4.0
113313 	3.5
113345 	2.0
113348 	2.75
113350 	1.5
113374 	3.0
113378 	2.3
113394 	4.0
113416 	1.5
113453 	3.1
1135   	3.12
113532 	3.5
113565 	4.0
113573 	3.25
1136   	4.16
113604 	2.0
1137   	4.0
113705 	3.5
113741 	4.0
113780 	3.0
113829 	5.0
113849 	2.5
113862 	4.0
1140   	5.0
114028 	4.0
114044 	3.5
114060 	2.83
114066 	4.0
114074 	3.33
114126 	2.5
114180 	2.94
114184 	3.5
114246 	3.0
114265 	5.0
114335 	3.0
114396 	1.5
1144   	4.0
114494 	1.5
114554 	1.0
114601 	2.75
114627 	3.25
114662 	3.8
114670 	3.5
114678 	4.25
1147   	3.9
114707 	3.0
114713 	3.0
114762 	2.83
114795 	3.5
1148   	4.04
114818 	2.17
114847 	3.0
114925 	2.0
114935 	3.9
1150   	4.33
115065 	2.0
1151   	5.0
115111 	3.5
115122 	4.83
115149 	3.84
115151 	2.0
115170 	2.5
115203 	3.0
115210 	3.77
115216 	3.0
115231 	3.25
115502 	3.5
115569 	4.17
1156   	3.5
115617 	3.85
115664 	4.0
115667 	3.5
115680 	3.83
115713 	3.91
115727 	5.0
115819 	3.0
115828 	4.5
115877 	3.67
115969 	4.0
116    	3.9
116044 	1.5
1161   	3.67
116138 	2.0
116169 	2.5
1162   	3.0
116207 	1.5
1163   	1.0
116411 	4.5
116413 	3.0
116419 	1.5
116505 	3.0
116529 	3.0
116668 	4.0
1167   	3.5
116718 	3.5
116724 	4.0
116738 	3.5
116797 	4.02
116799 	3.67
116817 	4.5
116823 	3.87
116849 	2.5
116887 	2.75
116897 	4.25
116941 	2.0
116963 	1.5
116977 	2.33
116985 	1.5
117    	3.0
1170   	2.5
1171   	3.35
117107 	2.5
117109 	3.0
117133 	3.5
117176 	3.71
117192 	4.5
1172   	4.16
1173   	3.14
117364 	4.0
117368 	3.5
117444 	3.0
117466 	3.5
1175   	3.83
117511 	3.0
117529 	3.26
117531 	5.0
117533 	3.88
117545 	3.75
117572 	2.5
117590 	3.64
1176   	4.0
117630 	1.0
117646 	4.5
1177   	4.0
1178   	4.54
117849 	4.5
117851 	3.7
117867 	4.0
117877 	3.0
117881 	3.8
117887 	4.0
117895 	1.83
1179   	3.63
117922 	3.5
118    	2.5
1180   	3.0
118082 	3.5
118166 	3.5
118198 	2.5
118248 	1.5
118270 	5.0
118290 	2.0
1183   	3.71
118326 	2.0
118354 	3.0
1184   	3.93
1185   	3.95
118512 	1.5
118530 	4.5
118572 	3.5
1186   	3.59
118696 	3.42
1187   	3.6
118700 	2.5
118702 	2.5
118706 	4.0
118784 	3.5
1188   	3.66
118814 	2.0
118834 	5.0
118862 	4.0
118880 	3.5
118888 	4.25
118894 	5.0
118896 	4.0
1189   	4.0
118900 	2.9
118924 	3.0
118930 	4.5
118985 	3.75
118997 	2.8
119    	3.0
1190   	3.17
119068 	2.0
1191   	3.5
119141 	3.46
119145 	3.99
119153 	4.5
119155 	3.5
119167 	3.5
1192   	4.5
119218 	2.5
1193   	4.2
1194   	3.59
1196   	4.22
119655 	2.25
1197   	4.23
119714 	3.5
1198   	4.21
119828 	3.0
1199   	4.18
119964 	2.0
12     	2.42
1200   	3.96
1201   	4.15
120130 	5.0
120138 	5.0
1202   	3.86
1203   	4.15
1204   	4.3
120466 	3.25
120478 	4.33
1206   	4.0
120625 	4.5
120635 	2.7
120637 	2.5
1207   	4.12
120761 	3.5
120783 	2.5
120799 	2.5
1208   	4.22
120807 	4.0
120813 	4.5
120827 	3.0
1209   	4.31
120919 	3.0
121    	4.0
1210   	4.14
121007 	4.0
121035 	2.0
121097 	2.75
121099 	2.5
1211   	3.88
121129 	2.5
121169 	3.5
121171 	4.0
1212   	4.23
121231 	4.12
121253 	3.0
1213   	4.25
121338 	4.5
121342 	3.5
121372 	4.5
121374 	4.5
1214   	3.97
121469 	4.5
1215   	4.04
1216   	3.45
1217   	4.43
121715 	3.5
121781 	5.0
1218   	4.0
1219   	4.04
122    	2.66
1220   	3.81
122092 	5.0
1221   	4.26
1222   	4.1
122246 	0.5
122260 	2.5
1223   	4.09
1224   	4.0
122433 	1.0
122490 	1.5
1225   	4.18
1226   	3.5
122627 	0.5
1227   	4.06
1228   	4.19
122882 	3.82
122884 	2.5
122886 	3.85
122888 	0.5
122890 	3.42
122892 	3.52
122896 	3.79
122898 	2.5
122900 	3.72
122902 	2.1
122904 	3.83
122906 	3.73
122912 	4.0
122916 	4.03
122918 	3.93
122920 	3.61
122922 	3.7
122924 	3.07
122926 	4.16
122932 	2.0
123    	4.38
1230   	3.87
1231   	3.86
1232   	3.62
123200 	4.5
1233   	4.21
123310 	2.0
1234   	3.98
1235   	4.29
123545 	3.0
123553 	1.0
1236   	4.33
1237   	4.22
1238   	4.06
123947 	2.75
1240   	3.9
1241   	4.05
1242   	4.17
124273 	4.5
1243   	3.97
1244   	4.11
124404 	5.0
124484 	3.0
1245   	4.22
1246   	3.96
1247   	4.06
1248   	4.26
124851 	5.0
124853 	4.0
124859 	2.0
1249   	4.07
125    	3.58
1250   	4.12
1251   	4.07
1252   	4.21
125221 	0.5
1253   	3.82
1254   	3.66
1255   	3.0
1256   	3.8
1257   	3.69
1258   	4.08
1259   	4.01
125914 	3.0
125916 	1.0
125970 	3.5
125974 	3.75
126    	2.0
1260   	3.73
126088 	5.0
126090 	4.5
1261   	4.04
126142 	4.0
1262   	4.13
1263   	3.83
1264   	3.8
126420 	1.5
126426 	4.0
126430 	4.75
126482 	3.0
1265   	3.94
126548 	3.25
126577 	4.0
1266   	4.11
1267   	4.25
1268   	3.61
1269   	3.88
126921 	5.0
1270   	4.04
127052 	3.83
127096 	3.75
2407   	3.27
2408   	2.33
2409   	3.19
241    	4.0
2410   	2.73
2411   	2.71
2412   	1.94
2413   	3.39
2414   	3.36
2415   	3.0
2416   	2.91
2417   	1.0
2418   	2.75
2419   	3.75
242    	3.6
2420   	3.57
2421   	2.78
2422   	1.75
2423   	3.57
2424   	3.12
2425   	4.0
2427   	3.3
2428   	2.48
2429   	2.8
243    	3.0
2430   	2.83
2431   	3.37
2432   	3.08
2433   	3.05
2435   	4.0
2436   	4.25
2439   	3.17
2442   	3.83
2443   	3.38
2445   	2.69
2446   	2.0
2447   	3.27
2448   	2.67
2450   	2.16
2451   	3.0
2453   	2.17
2454   	3.38
2455   	3.38
2456   	2.28
2457   	3.56
2458   	2.75
2459   	3.27
246    	4.29
2460   	2.0
2462   	3.0
2463   	3.32
2465   	1.5
2467   	3.75
2468   	2.5
2469   	3.21
247    	3.93
2470   	3.18
2471   	2.48
2472   	3.0
2473   	2.56
2474   	3.5
2475   	3.67
2476   	3.75
2477   	3.33
2478   	3.13
248    	3.18
2481   	4.0
2482   	3.0
2483   	3.5
2485   	2.84
2488   	3.0
249    	3.72
2490   	3.42
2491   	3.6
2492   	3.0
2493   	4.0
2494   	4.0
2495   	4.0
2496   	3.11
2497   	2.92
2498   	2.1
25     	3.62
250    	2.5
2500   	2.0
2501   	3.75
2502   	4.09
2503   	4.0
2504   	3.17
2505   	2.94
2506   	3.33
251    	3.0
2511   	4.67
2512   	5.0
2513   	2.85
2514   	1.83
2515   	1.75
2516   	1.0
2517   	2.95
2518   	3.05
252    	3.45
2520   	2.17
2521   	3.5
2522   	3.25
2523   	2.5
2524   	3.22
2525   	2.0
2526   	1.83
2527   	3.42
2528   	3.23
2529   	3.8
253    	3.46
2530   	2.78
2531   	2.78
2532   	2.79
2533   	3.0
2534   	2.5
2535   	2.67
2537   	2.0
2538   	1.0
2539   	3.1
254    	3.0
2540   	2.5
2541   	3.23
2542   	4.05
2544   	3.0
2546   	3.25
2548   	1.83
2549   	2.92
255    	2.07
2550   	4.0
2551   	3.69
2552   	1.5
2553   	3.08
2554   	3.17
2555   	1.67
2557   	4.5
2558   	2.33
2559   	3.0
256    	2.83
2560   	3.0
2561   	2.75
2563   	4.17
2565   	4.17
2566   	2.0
2567   	2.97
2568   	3.19
257    	3.5
2570   	3.2
2571   	4.19
2572   	3.53
2573   	1.0
2574   	2.0
25746  	3.0
2575   	3.75
25750  	3.0
25752  	4.0
25753  	4.0
25757  	4.0
25769  	4.5
2577   	3.0
25771  	4.5
25773  	4.0
25782  	0.5
25788  	3.75
2579   	3.83
25795  	3.5
25797  	3.5
258    	2.6
2580   	3.96
25805  	4.5
2581   	2.96
2582   	3.0
25825  	3.38
25826  	3.5
25827  	3.5
2583   	3.88
25833  	4.0
25834  	4.0
25841  	4.17
2585   	4.25
25850  	3.0
25856  	3.25
2586   	1.75
25865  	4.0
2587   	3.25
25870  	3.5
25886  	4.0
25887  	5.0
2589   	3.5
25898  	4.0
259    	3.2
2590   	2.5
25905  	3.5
25906  	5.0
25923  	3.5
25927  	3.0
2593   	3.38
25937  	3.33
2594   	3.75
25940  	3.5
25946  	3.5
25947  	5.0
25952  	4.0
25959  	2.5
2596   	3.79
25962  	3.0
25963  	4.0
2597   	2.75
2598   	2.84
2599   	3.66
25996  	3.5
25999  	3.5
26     	3.5
260    	4.23
2600   	3.86
26002  	3.5
26003  	4.5
26038  	4.0
26048  	4.5
2605   	2.99
26052  	2.75
26059  	4.5
2606   	2.57
2607   	4.0
26073  	5.0
26078  	5.0
26082  	4.5
26084  	3.9
2609   	4.0
26095  	0.5
261    	3.88
2611   	3.0
26116  	4.5
2612   	4.0
26122  	4.5
26124  	2.0
2613   	2.88
26131  	4.3
26133  	4.0
2614   	1.0
26142  	2.0
26147  	5.0
2615   	2.88
26150  	4.5
26151  	3.5
26152  	3.0
26158  	4.0
26159  	3.75
2616   	2.88
26169  	5.0
2617   	3.12
26171  	3.17
26172  	3.0
26176  	2.5
2618   	3.4
26183  	4.25
26184  	3.5
26195  	3.0
26198  	2.75
262    	3.9
2620   	3.0
2622   	3.14
26225  	4.5
2623   	1.0
26231  	4.0
26236  	4.0
26237  	4.0
2624   	4.25
26242  	3.2
26249  	3.75
2625   	2.5
26258  	3.9
26265  	4.5
2628   	3.11
26283  	3.0
26285  	2.5
2629   	2.5
263    	4.0
2630   	3.5
26303  	4.0
26308  	4.0
26313  	4.0
26317  	3.5
2632   	4.0
26322  	3.12
26326  	4.5
2633   	3.33
2634   	3.33
26340  	3.67
26344  	3.0
26347  	4.0
26350  	5.0
26357  	4.0
26359  	4.5
26365  	2.5
26366  	5.0
26375  	3.67
26386  	3.5
2639   	3.12
26391  	2.5
26394  	4.0
26399  	3.5
2640   	3.61
26401  	5.0
26409  	2.75
2641   	3.02
26413  	3.25
2642   	2.25
26422  	3.17
26429  	4.0
2643   	1.69
2644   	3.33
26444  	4.0
26453  	4.0
26464  	3.0
26467  	3.0
26471  	4.38
26472  	3.5
2648   	3.91
26492  	3.0
26498  	3.0
265    	3.94
26504  	3.25
2651   	1.0
26510  	2.25
2652   	3.0
26523  	3.5
26524  	4.5
26527  	4.0
26528  	4.5
26539  	3.0
2654   	3.6
26542  	3.0
26547  	4.25
2655   	2.0
26554  	4.25
26555  	2.75
2656   	3.0
26562  	3.0
26564  	3.5
26567  	2.0
2657   	3.34
26578  	4.17
26585  	3.83
26587  	5.0
2659   	2.0
26590  	2.0
26593  	2.0
26599  	4.0
266    	3.4
2660   	3.5
26603  	4.5
26606  	4.25
2661   	3.0
26612  	4.0
26614  	3.39
2662   	3.17
26622  	3.0
26629  	2.0
26630  	3.0
26631  	3.75
2664   	3.77
26645  	4.0
26649  	3.75
2665   	1.0
26662  	4.06
26676  	2.5
2668   	2.94
26680  	3.8
26681  	4.0
26686  	1.5
2669   	3.5
26693  	4.0
26694  	3.5
26695  	3.5
26696  	0.5
267    	2.94
2670   	3.6
26700  	2.25
26701  	3.0
26704  	4.0
2671   	3.46
26712  	4.0
26713  	4.5
26717  	0.5
2672   	2.96
26726  	2.5
26729  	3.8
26732  	4.0
26736  	4.5
2674   	2.25
26741  	1.5
26743  	2.5
26745  	2.5
26750  	3.25
2676   	3.17
26761  	3.0
26764  	1.25
26765  	2.75
2677   	4.38
26776  	3.89
26777  	4.0
26778  	3.0
26782  	2.0
26791  	1.5
26792  	1.5
26796  	3.5
26797  	3.0
2681   	3.0
26810  	4.83
26812  	2.75
26819  	2.5
2682   	4.0
26828  	1.5
2683   	3.2
26838  	3.0
26840  	5.0
26849  	5.0
26854  	2.5
2686   	4.03
26861  	3.5
26865  	3.38
2687   	3.46
26870  	2.67
26871  	2.25
26875  	4.0
2688   	2.93
26887  	3.0
269    	3.0
2690   	3.7
26900  	3.0
26901  	2.5
26903  	3.8
2691   	3.67
26913  	1.5
2692   	4.0
26928  	5.0
2693   	3.38
2694   	3.2
26940  	2.5
26947  	2.5
2695   	2.0
26958  	3.5
2696   	4.33
26965  	3.5
2697   	3.5
26974  	3.17
2698   	2.0
26985  	4.5
2699   	2.81
26999  	3.0
27     	3.33
270    	3.4
2700   	3.86
27002  	3.5
27003  	3.0
27006  	3.5
27008  	1.0
2701   	2.21
2702   	3.4
27020  	3.4
27022  	4.0
27032  	3.5
27036  	3.0
2706   	3.38
2707   	3.27
27074  	1.5
27075  	3.0
2708   	4.0
2709   	3.17
271    	3.5
2710   	2.8
27105  	2.5
2712   	3.46
27124  	2.0
2713   	2.67
27134  	4.0
27140  	3.0
27155  	2.0
27156  	4.3
2716   	3.77
2717   	3.0
27176  	4.5
27178  	4.0
2718   	3.2
27186  	4.0
2719   	2.12
27193  	3.88
272    	3.76
2720   	2.1
2722   	2.78
2723   	3.09
2724   	2.83
27246  	4.0
2725   	2.0
27251  	2.75
27255  	3.5
2726   	4.06
27266  	4.07
2727   	3.0
2728   	3.58
2729   	3.5
273    	2.95
2730   	3.71
27306  	1.5
2731   	4.0
27311  	3.5
27317  	3.75
2732   	4.5
27320  	5.0
27328  	4.5
27329  	4.0
2733   	2.0
2734   	3.25
2735   	2.72
2736   	3.6
27368  	4.0
27369  	4.0
2737   	4.0
27370  	4.5
27373  	5.0
2738   	4.0
2739   	3.92
27397  	4.25
274    	2.93
2740   	1.0
27408  	3.33
2741   	2.0
27416  	3.75
2742   	1.0
27420  	2.0
27426  	2.5
2743   	3.0
27434  	1.5
2744   	4.0
27441  	3.25
2745   	3.5
27450  	2.5
2746   	3.33
2747   	3.0
27473  	2.5
27478  	3.0
2748   	1.83
27480  	4.5
27482  	3.75
2749   	4.0
27491  	3.0
275    	2.0
2750   	3.14
2751   	4.0
27513  	3.0
2752   	2.81
27523  	5.0
27537  	3.5
27539  	2.5
2754   	1.0
27549  	1.5
27555  	3.75
27563  	4.33
2757   	3.5
27584  	3.5
2759   	3.5
27592  	3.8
27595  	0.5
276    	3.25
27604  	3.12
2761   	4.05
27611  	3.82
27618  	2.75
27619  	4.5
2762   	3.89
27627  	4.5
2763   	3.65
2764   	4.0
27644  	3.5
2765   	3.5
2766   	3.25
27660  	3.7
27664  	3.25
27667  	3.0
27674  	3.75
27683  	2.0
27685  	1.75
27689  	2.5
2769   	3.4
27692  	3.5
27695  	3.0
277    	3.22
2770   	2.96
27704  	5.0
27705  	1.5
27706  	3.16
27708  	4.0
2771   	3.25
27716  	4.5
2772   	2.85
27721  	3.67
27722  	4.17
27728  	2.17
27731  	3.75
2774   	3.0
27741  	3.83
27744  	4.5
27746  	3.0
2775   	1.0
27751  	5.0
27762  	2.5
27768  	3.75
27769  	3.0
27772  	2.58
27773  	4.09
27776  	4.5
27778  	3.0
27784  	1.5
27788  	3.0
2779   	3.27
27790  	3.5
27793  	1.5
278    	1.5
27801  	4.0
27802  	3.0
27803  	4.0
27808  	3.36
27815  	3.91
27816  	2.5
2782   	3.33
27820  	4.0
27821  	3.25
27822  	2.7
27826  	4.0
27829  	3.5
27830  	2.5
27831  	3.82
27834  	4.33
27837  	2.88
27838  	3.75
27839  	2.3
2784   	3.25
27846  	3.9
27850  	3.75
2786   	1.75
27865  	2.75
27866  	3.5
27869  	4.5
2787   	2.42
27873  	3.17
27878  	3.88
27879  	4.12
2788   	4.05
27882  	4.0
2789   	2.88
27899  	2.75
279    	3.0
2790   	2.0
27904  	3.61
27905  	3.5
2791   	3.86
27912  	3.3
2792   	3.18
2793   	2.3
2794   	2.63
2795   	3.65
2796   	2.59
2797   	3.72
2798   	1.58
2799   	1.31
28     	4.23
280    	4.08
2800   	2.5
2801   	4.5
2802   	3.04
2803   	2.92
2804   	3.97
2805   	3.0
2806   	2.33
2807   	2.62
2808   	2.21
281    	3.79
2810   	4.2
2812   	3.0
2813   	1.0
2815   	2.29
2816   	1.67
2817   	2.0
2818   	1.0
2819   	3.75
282    	3.34
2820   	4.0
2822   	3.14
2824   	5.0
2826   	2.9
2827   	2.27
2828   	1.5
2829   	3.07
283    	3.67
2835   	1.0
2836   	3.5
2837   	3.0
2839   	4.0
284    	4.5
2840   	2.87
2841   	3.53
2843   	3.94
2844   	2.67
2846   	3.86
2847   	3.0
2848   	4.0
285    	4.0
2851   	3.25
2852   	4.0
2856   	3.0
2857   	3.29
2858   	4.06
2859   	3.86
2860   	2.61
2861   	3.38
2862   	1.0
2863   	3.47
2865   	4.0
2866   	3.6
2867   	3.58
2868   	2.0
287    	3.0
2870   	3.31
2871   	3.9
2872   	3.64
2874   	3.67
2875   	2.95
2876   	2.0
2877   	3.0
2878   	2.0
2879   	3.21
288    	3.23
2880   	3.08
2881   	3.03
2882   	2.0
2883   	3.2
2884   	2.0
2885   	2.0
2886   	1.5
2887   	1.0
2888   	2.1
2889   	3.75
289    	3.56
2890   	3.71
2891   	4.0
2892   	1.0
2893   	3.0
2894   	4.0
2896   	3.0
2897   	4.0
2898   	2.0
2899   	3.0
29     	4.01
290    	4.04
2900   	2.5
2901   	2.89
2902   	2.5
2903   	2.5
2905   	4.25
2906   	2.57
2907   	3.57
2908   	3.55
291    	2.33
2912   	3.89
2915   	3.44
2916   	3.65
2917   	4.0
2918   	3.84
2919   	3.81
292    	3.43
2921   	4.18
2922   	3.6
2924   	4.05
2925   	4.1
2926   	3.32
2927   	3.5
2928   	3.5
2929   	3.25
293    	4.02
2930   	3.5
2931   	4.17
2932   	3.67
2935   	4.0
2936   	4.0
2937   	4.1
294    	3.0
2940   	4.0
2941   	3.78
2942   	2.88
2943   	4.17
2944   	3.97
2946   	3.36
2947   	3.84
2948   	3.75
2949   	3.71
295    	3.0
2950   	2.46
2951   	3.94
2952   	3.54
2953   	2.52
2956   	3.17
2959   	4.27
296    	4.2
2961   	2.4
2962   	3.0
2964   	1.0
2965   	2.0
2966   	3.93
2967   	4.0
2968   	3.73
2969   	5.0
2970   	3.38
2971   	4.08
2972   	5.0
2973   	3.92
2974   	2.5
2975   	3.0
2976   	3.42
2977   	3.0
2978   	3.0
2979   	3.0
298    	2.0
2982   	2.0
2983   	4.0
2984   	4.5
2985   	3.37
2986   	2.64
2987   	3.57
2988   	4.0
2989   	3.55
299    	4.0
2990   	3.33
2991   	3.7
2992   	3.5
2993   	3.48
2995   	2.43
2996   	3.12
2997   	3.95
3      	3.26
30     	3.0
300    	3.52
3000   	3.96
3002   	4.0
3003   	4.5
3004   	2.55
3005   	2.84
3006   	3.74
3007   	3.75
3008   	4.0
301    	4.0
3010   	4.0
3011   	3.25
3013   	4.0
3014   	2.0
3015   	3.67
3016   	3.07
3017   	3.0
3018   	3.45
3019   	4.15
302    	3.2
3020   	3.53
3021   	2.0
3022   	4.0
3024   	2.64
3028   	2.5
3029   	3.25
303    	2.95
3030   	4.23
3031   	2.38
3032   	3.67
3033   	3.48
3034   	3.51
3035   	3.82
3036   	3.79
3037   	4.15
3038   	4.2
3039   	3.73
304    	3.67
3040   	3.22
3041   	2.08
3042   	2.5
3043   	1.0
3044   	3.77
3045   	3.6
3046   	4.5
3048   	2.0
305    	2.83
3051   	2.5
3052   	3.65
3053   	3.91
3054   	2.31
3055   	3.33
3056   	4.0
3057   	4.0
306    	4.22
3060   	3.87
3061   	3.62
3062   	4.0
3063   	2.17
3064   	2.33
3066   	3.93
3067   	3.55
3068   	4.36
307    	3.9
3070   	3.55
30707  	3.85
3071   	3.5
3072   	3.56
1      	3.92
10     	3.5
100    	2.79
100044 	4.0
100068 	3.5
100083 	3.5
100106 	3.5
100159 	4.5
100163 	2.9
100194 	4.5
100226 	1.5
100277 	4.0
1003   	2.5
100302 	3.0
100304 	3.0
100306 	3.5
100326 	2.5
100383 	3.92
100390 	2.88
100397 	3.5
1004   	3.0
100487 	2.0
100498 	2.08
1005   	2.19
100507 	3.62
100527 	4.0
100553 	4.5
100556 	5.0
100579 	4.0
1006   	3.5
100611 	4.0
1007   	2.6
100714 	3.5
100737 	3.5
1008   	3.0
100810 	3.0
100843 	3.5
100882 	4.75
1009   	3.06
100906 	5.0
101    	3.78
1010   	3.06
101025 	2.2
101070 	2.5
101072 	2.5
101074 	2.0
101076 	3.0
101088 	3.75
1011   	2.94
101112 	3.08
101142 	3.78
1012   	3.44
101283 	2.83
1013   	3.21
101360 	1.5
101362 	2.88
1014   	2.9
101415 	1.5
101423 	3.0
1015   	2.95
101525 	3.5
101529 	2.0
101531 	2.0
101577 	2.5
1016   	2.9
101612 	3.0
1017   	3.5
101739 	3.25
101741 	3.75
101765 	4.25
1018   	2.42
101864 	3.3
101884 	1.5
101895 	4.0
1019   	3.47
101962 	4.0
101973 	1.5
102    	2.4
1020   	3.08
102007 	3.0
102025 	0.5
102033 	3.2
102058 	3.0
102066 	4.0
102070 	3.0
102084 	5.0
102088 	2.0
1021   	2.33
102123 	3.21
102125 	3.56
102165 	2.0
102194 	4.33
1022   	3.49
102217 	5.0
102278 	2.0
1023   	3.62
102338 	4.5
102378 	2.75
1024   	3.67
102407 	3.38
102445 	3.69
102481 	3.55
1025   	3.58
102590 	3.0
102602 	4.0
102666 	4.5
102684 	3.75
102686 	3.38
1027   	3.02
102716 	3.36
102720 	3.0
102735 	0.5
102742 	4.0
102747 	3.5
102749 	0.5
102760 	4.0
1028   	3.89
102800 	2.5
102802 	2.5
102819 	3.0
102823 	3.5
102852 	3.0
102880 	1.0
1029   	3.39
102903 	3.41
102984 	4.5
102993 	3.12
103    	3.0
1030   	2.77
103027 	3.0
103042 	3.3
103048 	3.5
103075 	3.25
103085 	3.0
1031   	3.48
103107 	4.25
103137 	2.0
103141 	3.88
103171 	1.0
1032   	3.38
103210 	2.0
103219 	3.5
103221 	2.5
103228 	3.61
103233 	3.0
103235 	4.0
103245 	2.5
103249 	3.03
103253 	3.31
1033   	3.58
103335 	3.58
103339 	2.92
103341 	3.42
103366 	2.0
103372 	3.42
103384 	2.79
1034   	3.1
103449 	1.0
103483 	4.5
1035   	3.94
103502 	1.5
103539 	3.25
103543 	3.5
103596 	1.88
1036   	3.86
103602 	5.0
103606 	4.0
103609 	1.5
103624 	4.0
103655 	1.83
103685 	4.5
103688 	4.21
1037   	2.77
103755 	2.5
103772 	3.38
103801 	2.33
103810 	3.2
103819 	2.25
103865 	2.0
103883 	4.0
103980 	3.38
103984 	3.5
104    	3.44
1040   	3.0
104017 	0.5
104069 	4.12
104074 	1.75
104076 	1.88
104078 	4.0
1041   	4.59
104129 	3.25
104141 	3.0
1042   	3.27
104211 	3.74
104218 	3.4
104241 	3.45
104243 	3.3
104245 	3.0
104272 	3.0
104283 	4.0
1043   	2.4
104303 	2.5
104337 	1.5
104339 	4.0
104374 	3.93
104419 	3.25
104457 	3.75
1046   	4.5
104644 	0.5
1047   	3.32
104760 	1.0
104780 	5.0
104837 	2.0
104841 	3.58
104863 	2.67
104875 	4.0
104879 	4.16
1049   	3.48
104906 	3.17
104908 	3.0
104913 	3.82
104925 	3.5
104944 	3.75
105    	3.28
1050   	3.9
105020 	1.5
105037 	2.5
1051   	4.0
105121 	1.0
105197 	4.12
105211 	3.0
105213 	3.12
105246 	3.5
105250 	3.75
105254 	3.5
1053   	3.0
105325 	1.0
105351 	2.25
105355 	3.25
1054   	2.0
105468 	2.25
1055   	1.5
105504 	4.05
105540 	4.5
105585 	4.0
105593 	4.5
1056   	3.07
105653 	4.0
1057   	3.47
105720 	3.0
105731 	2.5
105746 	4.5
105755 	1.5
105801 	3.0
105835 	4.0
105844 	3.62
1059   	3.72
105954 	3.62
106    	4.0
1060   	3.69
106002 	3.44
106062 	3.25
106072 	3.31
1061   	3.67
106100 	3.97
106144 	3.5
106330 	2.0
1064   	3.15
106438 	3.25
106441 	3.0
106487 	3.63
106489 	3.58
106491 	2.64
106540 	2.88
106542 	1.5
106594 	4.5
1066   	4.5
106642 	4.57
106648 	3.0
106696 	3.62
106766 	3.64
106782 	3.92
106785 	3.0
1068   	3.5
106839 	3.75
106873 	2.5
106883 	1.5
106889 	4.0
106916 	3.25
106918 	4.0
106920 	3.92
106927 	3.0
107    	3.33
107013 	0.5
107069 	3.0
107141 	3.69
107159 	4.0
1073   	3.87
107314 	3.0
107338 	2.5
107348 	3.36
107406 	3.43
107408 	4.5
107410 	4.0
107412 	4.5
107436 	3.0
107447 	4.0
107449 	1.5
107462 	4.5
107565 	2.75
107630 	4.5
1077   	3.75
107702 	2.5
107723 	3.0
107771 	5.0
107780 	4.0
1078   	3.41
107846 	3.5
1079   	3.92
107945 	2.0
107951 	5.0
107953 	4.0
107962 	2.0
107997 	2.25
107999 	4.0
108    	4.0
1080   	3.93
108078 	5.0
108090 	3.5
1081   	3.54
108156 	3.17
108188 	2.0
108190 	3.0
108192 	3.5
1082   	3.58
1083   	3.33
1084   	4.07
1085   	3.5
108540 	4.5
1086   	4.1
108601 	2.0
108689 	2.25
108715 	1.5
108727 	4.25
108729 	3.5
108795 	5.0
1088   	3.37
1089   	4.2
108928 	2.67
108932 	3.87
108945 	2.33
108949 	3.33
108981 	4.5
1090   	3.98
109042 	2.25
1091   	2.55
109161 	4.5
109183 	2.0
109187 	3.0
109191 	1.5
1092   	3.19
109241 	5.0
109282 	3.0
109295 	2.0
1093   	3.41
109313 	4.0
109317 	2.5
109372 	2.25
109374 	3.78
109383 	3.5
1094   	3.44
109416 	2.0
109483 	2.62
109487 	3.99
1095   	3.67
109569 	1.0
109576 	2.0
109578 	3.25
109596 	4.0
1096   	4.05
109633 	5.0
109673 	2.12
109687 	5.0
1097   	3.77
109723 	3.5
109846 	3.25
109848 	2.75
109850 	3.75
109853 	3.0
109864 	1.75
109895 	2.0
109897 	0.5
1099   	3.38
109941 	3.0
109968 	4.25
109971 	4.5
11     	3.67
110    	4.03
1100   	2.71
1101   	3.3
110102 	3.74
110127 	2.8
110130 	4.33
110281 	4.0
110286 	3.5
110297 	3.33
1103   	4.1
110330 	4.5
110350 	4.5
110387 	4.0
1104   	4.47
1105   	4.67
110501 	3.93
110541 	2.5
110553 	2.64
110586 	4.0
110591 	4.5
110603 	0.5
110611 	2.5
110655 	2.0
110669 	3.75
1107   	2.0
110718 	4.0
110730 	2.29
110746 	4.0
110771 	2.92
110773 	0.5
110781 	2.5
110826 	1.5
110882 	3.83
111    	4.11
1111   	4.12
111113 	3.29
111146 	4.5
1112   	4.5
111320 	1.5
111360 	2.82
111362 	3.83
111364 	2.62
111375 	2.5
111384 	4.0
1114   	3.0
111443 	2.75
111551 	3.5
1116   	4.0
111617 	3.81
111622 	4.0
111659 	2.75
111663 	2.5
111680 	1.5
1117   	3.5
111732 	3.5
111743 	2.96
111759 	3.98
111781 	3.65
111785 	0.5
111795 	3.0
111800 	3.0
111817 	3.5
111844 	3.5
1119   	3.0
111913 	4.5
111921 	3.39
112    	3.54
1120   	3.54
112006 	3.83
112070 	3.5
1121   	4.0
112138 	3.68
112171 	3.28
33834  	3.12
33836  	2.27
33838  	3.5
3384   	4.5
3385   	2.81
3386   	3.5
3387   	2.86
3388   	2.55
33880  	3.75
3389   	2.0
33893  	4.5
33896  	3.33
339    	3.47
3390   	2.0
33903  	4.0
3391   	2.5
3392   	2.33
3393   	1.33
3394   	2.36
3395   	3.0
3396   	3.59
33966  	1.5
3397   	3.45
3398   	3.33
34     	3.65
340    	3.4
3400   	3.0
3401   	2.2
34018  	3.0
3402   	4.0
3403   	4.0
3404   	3.58
34048  	3.15
3405   	3.0
3406   	3.0
34072  	3.56
3408   	3.53
3409   	2.93
341    	4.0
3410   	4.0
3412   	3.42
34129  	3.0
3414   	4.0
34143  	2.0
34148  	3.0
3415   	4.17
34150  	2.76
34153  	3.83
34162  	3.51
34164  	3.5
3417   	3.0
3418   	3.46
342    	3.27
3420   	3.17
3421   	3.69
3422   	3.33
3423   	2.17
3424   	4.04
3425   	3.4
3426   	3.07
34271  	3.75
3428   	3.0
3429   	4.25
34292  	1.5
343    	2.9
3430   	3.0
3431   	1.67
34312  	5.0
34319  	3.35
3432   	1.5
34321  	3.0
34323  	3.71
34326  	3.0
3433   	1.0
34330  	3.0
34332  	2.92
34334  	2.5
34336  	2.0
34338  	3.35
3434   	1.0
3435   	4.32
34359  	4.0
3436   	3.75
3438   	3.0
3439   	2.69
34397  	3.0
344    	3.04
3440   	2.07
34405  	3.94
3441   	3.43
3442   	1.0
34437  	3.48
3444   	2.94
3445   	3.5
34450  	4.5
3446   	2.75
3447   	4.0
3448   	3.8
3449   	4.0
345    	3.6
3450   	3.29
3451   	4.55
3452   	3.08
34520  	2.08
34523  	2.0
34528  	3.67
3453   	3.0
34530  	2.83
34532  	3.0
34534  	3.57
34536  	3.17
3454   	2.25
34540  	3.0
34542  	3.7
3455   	2.5
3459   	4.0
346    	3.5
3461   	3.04
3462   	3.72
3466   	3.0
3467   	3.75
3468   	4.33
3469   	4.08
347    	3.5
3470   	4.3
3471   	3.74
3473   	5.0
3474   	4.0
3475   	4.5
3476   	3.56
3477   	3.38
3478   	2.79
3479   	3.33
348    	3.58
3480   	3.33
34800  	1.5
3481   	3.67
34811  	2.5
3483   	3.12
3484   	2.75
3489   	3.36
349    	3.6
3492   	4.0
3494   	4.0
3496   	5.0
3497   	2.5
3498   	4.0
3499   	3.84
350    	3.39
3500   	3.0
3501   	2.3
35015  	3.5
3502   	3.5
3503   	4.09
3504   	4.02
3505   	3.72
3506   	3.0
3507   	4.07
3508   	4.25
351    	3.18
3510   	3.42
3511   	2.25
3512   	3.56
3513   	3.07
3514   	3.0
3515   	3.61
3516   	3.38
3519   	2.92
352    	2.5
3521   	3.43
3524   	2.8
3525   	2.9
3526   	3.7
3527   	3.58
3528   	3.4
3529   	3.5
353    	3.61
3531   	5.0
3534   	3.3
35347  	1.0
3535   	3.79
3536   	3.45
3537   	3.33
3538   	3.2
3539   	3.25
354    	3.33
3543   	3.75
3544   	2.33
3545   	3.0
3546   	4.5
3548   	3.7
3549   	3.94
355    	2.36
3550   	3.67
3551   	3.46
3552   	3.83
3553   	2.4
3554   	3.0
3555   	3.42
3556   	3.77
3557   	2.9
3559   	3.67
356    	4.16
3563   	2.5
3564   	1.62
3565   	3.5
3566   	2.88
3567   	5.0
3568   	4.0
3569   	4.0
357    	3.52
3571   	3.0
3572   	2.0
3573   	1.5
3574   	1.0
3576   	3.5
3577   	2.0
3578   	3.94
358    	2.67
3580   	3.5
35807  	4.0
3581   	3.5
35836  	3.55
3584   	2.0
3586   	4.0
3587   	2.5
359    	3.0
3590   	2.0
3591   	2.73
3592   	4.5
3593   	1.66
3594   	3.25
35957  	3.39
3596   	1.0
3597   	2.0
3598   	3.0
3599   	3.2
36     	3.84
360    	2.69
3604   	0.5
3606   	3.75
3608   	2.94
3609   	3.5
361    	3.06
3614   	2.94
3615   	3.11
3616   	3.3
3617   	3.09
3618   	3.54
3619   	2.0
362    	3.53
3622   	3.0
3623   	2.71
3624   	3.15
3625   	2.0
3626   	3.33
3627   	3.88
36276  	2.5
3628   	3.0
36289  	4.0
3629   	4.07
363    	4.0
3632   	4.0
3633   	3.26
3634   	4.0
3635   	3.44
36363  	3.75
3637   	5.0
3638   	3.13
3639   	3.58
36397  	1.5
364    	3.94
3640   	4.0
36401  	2.62
3641   	4.0
3643   	3.5
3646   	2.18
36477  	4.0
3648   	4.0
3649   	2.69
365    	3.25
36509  	2.67
36517  	3.46
36519  	3.22
3652   	3.0
36525  	2.69
36527  	3.57
36529  	3.71
3653   	4.17
36533  	2.25
36535  	3.78
36537  	3.33
3654   	3.77
3655   	4.25
3658   	3.0
366    	2.92
3660   	2.0
3661   	3.0
3662   	3.0
3663   	2.0
3664   	2.0
3667   	1.0
3668   	3.67
3669   	2.5
367    	3.18
36708  	3.71
3671   	3.94
3672   	3.8
3673   	4.5
3674   	4.0
3675   	4.19
3676   	3.75
3677   	4.12
3678   	5.0
3679   	3.75
368    	3.5
3680   	3.0
3681   	4.15
3682   	3.7
3683   	4.0
3684   	3.07
3685   	3.78
36850  	3.75
3686   	2.93
3687   	5.0
3688   	2.14
3689   	1.75
369    	4.0
3690   	2.0
3691   	3.0
3692   	3.0
3693   	2.12
36931  	3.5
3694   	2.0
3695   	2.0
3696   	3.17
3697   	2.9
3698   	3.22
3699   	3.15
370    	3.06
3700   	2.5
3701   	3.12
3702   	3.49
3703   	4.04
3704   	3.27
3705   	2.31
3706   	3.0
3707   	2.7
3708   	3.05
3709   	2.0
371    	3.31
3710   	1.67
3711   	4.0
3712   	2.83
3713   	4.0
3714   	2.5
3715   	2.75
3716   	1.0
3717   	3.22
3719   	3.0
372    	2.76
3720   	4.0
37211  	3.0
3723   	3.8
3724   	3.3
37240  	3.5
3725   	3.5
3726   	3.6
3727   	4.31
3728   	3.75
3729   	4.0
373    	3.64
3730   	4.21
3731   	3.0
3732   	3.0
3733   	3.83
3735   	3.79
3736   	3.0
3737   	4.0
3738   	3.0
37380  	2.15
37382  	2.88
37384  	3.27
37386  	2.76
